sample_id,E05_mse,E05_mae,E05_iou,E05_dice,E05_volume_ratio,E05_mass_ratio,E05_absolute_top_depth_error_m,E05_absolute_bottom_depth_error_m,E05_absolute_thickness_error_m,E05_gravity_rmse,E06_mse,E06_mae,E06_iou,E06_dice,E06_volume_ratio,E06_mass_ratio,E06_absolute_top_depth_error_m,E06_absolute_bottom_depth_error_m,E06_absolute_thickness_error_m,E06_gravity_rmse,E07_mse,E07_mae,E07_iou,E07_dice,E07_volume_ratio,E07_mass_ratio,E07_absolute_top_depth_error_m,E07_absolute_bottom_depth_error_m,E07_absolute_thickness_error_m,E07_gravity_rmse,E05_to_E06_mse_change,E05_to_E06_mae_change,E05_to_E06_iou_change,E05_to_E06_dice_change,E05_to_E06_volume_ratio_change,E05_to_E06_mass_ratio_change,E05_to_E06_absolute_top_depth_error_m_change,E05_to_E06_absolute_bottom_depth_error_m_change,E05_to_E06_absolute_thickness_error_m_change,E05_to_E06_gravity_rmse_change,E06_to_E07_mse_change,E06_to_E07_mae_change,E06_to_E07_iou_change,E06_to_E07_dice_change,E06_to_E07_volume_ratio_change,E06_to_E07_mass_ratio_change,E06_to_E07_absolute_top_depth_error_m_change,E06_to_E07_absolute_bottom_depth_error_m_change,E06_to_E07_absolute_thickness_error_m_change,E06_to_E07_gravity_rmse_change,E05_to_E07_mse_change,E05_to_E07_mae_change,E05_to_E07_iou_change,E05_to_E07_dice_change,E05_to_E07_volume_ratio_change,E05_to_E07_mass_ratio_change,E05_to_E07_absolute_top_depth_error_m_change,E05_to_E07_absolute_bottom_depth_error_m_change,E05_to_E07_absolute_thickness_error_m_change,E05_to_E07_gravity_rmse_change
sample_000796,0.01642467826604843,0.03471913933753967,0.09007881896659577,0.16527028577986916,11.10138888888889,15.632966945621941,20.0,170.0,190.0,0.26211721004142113,0.0023044489789754152,0.00864411797374487,0.20594965675057209,0.3415559772296015,4.855555555555555,4.57906622988372,20.0,60.0,80.0,0.09337612677572223,0.0034316962119191885,0.010039068758487701,0.22079116835326587,0.3617181612660136,4.529166666666667,5.139195919008051,20.0,90.0,110.0,0.09731677935234628,-0.014120229287073016,-0.026075021363794804,0.11587083778397632,0.17628569144973236,-6.2458333333333345,-11.053900715738221,0.0,-110.0,-110.0,-0.16874108326569892,0.0011272472329437733,0.0013949507847428322,0.014841511602693785,0.020162184036412067,-0.3263888888888884,0.5601296891243308,0.0,30.0,30.0,0.003940652576624057,-0.012992982054129243,-0.02468007057905197,0.1307123493866701,0.19644787548614442,-6.572222222222223,-10.49377102661389,0.0,-80.0,-80.0,-0.16480043068907485
sample_001763,0.011239723302423954,0.02256091497838497,0.05707297187117815,0.10798303123794832,17.521428571428572,16.580374031844887,30.0,120.0,150.0,0.18821822947385372,0.006014909129589796,0.011291193775832653,0.11447260834014718,0.20542920029347028,8.735714285714286,8.786072917093804,20.0,30.0,50.0,0.12872511939961864,0.004123410675674677,0.008869895711541176,0.1276207839562443,0.22635408245755861,7.835714285714285,7.114405718626969,20.0,40.0,60.0,0.10655906515584443,-0.005224814172834158,-0.011269721202552319,0.05739963646896903,0.09744616905552196,-8.785714285714286,-7.794301114751082,-10.0,-90.0,-100.0,-0.05949311007423508,-0.0018914984539151192,-0.002421298064291477,0.013148175616097116,0.020924882164088332,-0.9000000000000004,-1.6716671984668352,0.0,10.0,10.0,-0.022166054243774214,-0.007116312626749277,-0.013691019266843796,0.07054781208506614,0.1183710512196103,-9.685714285714287,-9.465968313217918,-10.0,-80.0,-90.0,-0.08165916431800929
sample_000998,0.006821356248110533,0.018984118476510048,0.08424507658643327,0.15539858728557013,11.87012987012987,12.380094143281362,60.0,130.0,190.0,0.15548818034828704,0.0018961509922519326,0.007208662107586861,0.16359773371104816,0.28119293974437004,6.112554112554113,5.318595132282388,30.0,50.0,80.0,0.06171502306018569,0.0026735635474324226,0.008131482638418674,0.18110544884359076,0.30667109193494857,5.521645021645021,5.871593053021588,40.0,50.0,90.0,0.07031289334129323,-0.0049252052558586,-0.011775456368923187,0.0793526571246149,0.1257943524587999,-5.757575757575758,-7.061499010998974,-30.0,-80.0,-110.0,-0.09377315728810134,0.00077741255518049,0.0009228205308318138,0.017507715132542595,0.02547815219057853,-0.5909090909090917,0.5529979207392,10.0,0.0,10.0,0.00859787028110754,-0.00414779270067811,-0.010852635838091373,0.09686037225715749,0.15127250464937844,-6.3484848484848495,-6.508501090259774,-20.0,-80.0,-100.0,-0.08517528700699381
sample_001629,0.011618539690971375,0.025465011596679688,0.08112023177209078,0.15006699419383654,12.327380952380953,9.690830476190484,50.0,100.0,150.0,0.2015646747818044,0.005496627185493708,0.011227012611925602,0.1785967399007796,0.30306674684305474,5.599206349206349,4.836886334958047,20.0,30.0,50.0,0.10051210814165039,0.00554371252655983,0.012323937378823757,0.15745079662605435,0.2720647773279352,6.351190476190476,5.204015954349476,40.0,30.0,70.0,0.11770302330739076,-0.006121912505477667,-0.014237998984754086,0.09747650812868881,0.1529997526492182,-6.728174603174604,-4.853944141232438,-30.0,-70.0,-100.0,-0.10105256664015401,4.7085341066122055e-05,0.0010969247668981552,-0.021145943274725243,-0.03100196951511952,0.7519841269841274,0.3671296193914291,20.0,0.0,20.0,0.017190915165740367,-0.006074827164411545,-0.01314107421785593,0.07633056485396357,0.12199778313409868,-5.976190476190476,-4.4868145218410085,-10.0,-70.0,-80.0,-0.08386165147441364
sample_001922,0.019248442724347115,0.034028060734272,0.11000293341155765,0.1982029598308668,9.090666666666667,6.280229088939582,50.0,110.0,160.0,0.25375678754720205,0.007709642872214317,0.01416896004229784,0.22334723049434188,0.36514118792599803,4.477333333333333,3.1193566065422744,40.0,40.0,80.0,0.12430368877449212,0.0067204018123447895,0.012683750130236149,0.23786869647954328,0.3843197540353574,4.204,2.9017328933677655,40.0,50.0,90.0,0.11885417631465961,-0.011538799852132797,-0.019859100691974163,0.11334429708278423,0.16693822809513123,-4.613333333333334,-3.160872482397308,-10.0,-70.0,-80.0,-0.12945309877270994,-0.0009892410598695278,-0.0014852099120616913,0.014521465985201404,0.019178566109359363,-0.27333333333333343,-0.2176237131745089,0.0,10.0,10.0,-0.005449512459832509,-0.012528040912002325,-0.021344310604035854,0.12786576306798564,0.1861167942044906,-4.886666666666668,-3.3784961955718167,-10.0,-60.0,-70.0,-0.13490261123254244
sample_001409,0.009167001582682133,0.014497014693915844,0.08658678005411674,0.15937388829598007,11.549107142857142,7.5225472277845755,0.0,130.0,130.0,0.12615050477858533,0.008504225872457027,0.011263838969171047,0.12770809578107184,0.22649140546006066,7.830357142857143,6.269585670180981,20.0,20.0,40.0,0.15997220321580172,0.00426081009209156,0.00640549510717392,0.1830065359477124,0.30939226519337015,5.464285714285714,3.898642916033547,0.0,30.0,30.0,0.08960487881830226,-0.0006627757102251053,-0.0032331757247447968,0.0411213157269551,0.0671175171640806,-3.718749999999999,-1.2529615576035944,20.0,-110.0,-90.0,0.033821698437216385,-0.004243415780365467,-0.0048583438619971275,0.05529844016664057,0.08290085973330949,-2.366071428571429,-2.370942754147434,-20.0,10.0,-10.0,-0.07036732439749946,-0.004906191490590572,-0.008091519586741924,0.09641975589359567,0.1500183768973901,-6.084821428571428,-3.6239043117510286,0.0,-100.0,-100.0,-0.036545625960283074
sample_000992,0.012320811860263348,0.01999007910490036,0.18889465490399585,0.31776516804888694,5.293956043956044,5.427241612227459,0.0,120.0,120.0,0.16451502864620118,0.004136090632528067,0.0075831287540495396,0.36879432624113473,0.538860103626943,2.7115384615384617,2.5604922572033173,20.0,0.0,20.0,0.10043083290867111,0.002583095571026206,0.005717578809708357,0.4034406215316315,0.5749308026888098,2.473901098901099,2.17336318998572,0.0,20.0,20.0,0.07187255320288055,-0.008184721227735281,-0.01240695035085082,0.17989967133713888,0.2210949355780561,-2.582417582417582,-2.866749355024142,20.0,-120.0,-100.0,-0.06408419573753008,-0.0015529950615018606,-0.0018655499443411827,0.03464629529049679,0.03607069906186677,-0.23763736263736268,-0.3871290672175971,-20.0,20.0,0.0,-0.028558279705790557,-0.009737716289237142,-0.014272500295192003,0.21454596662763567,0.25716563463992287,-2.820054945054945,-3.253878422241739,0.0,-100.0,-100.0,-0.09264247544332063
sample_002128,0.0038478514179587364,0.010386005975306034,0.07389989922741015,0.1376290272130122,13.531818181818181,11.00316221477375,40.0,140.0,180.0,0.0882863027766354,0.001615346991457045,0.004987043794244528,0.12948793407886994,0.2292860865033872,7.722727272727273,5.7830733058725565,20.0,40.0,60.0,0.05312990624661618,0.0008691070252098143,0.003023632103577256,0.19730941704035873,0.3295880149812734,5.068181818181818,3.887990426648424,30.0,50.0,80.0,0.03503749786280305,-0.0022325044265016913,-0.005398962181061506,0.055588034851459786,0.09165705929037499,-5.809090909090909,-5.220088908901194,-20.0,-100.0,-120.0,-0.03515639653001922,-0.0007462399662472308,-0.0019634116906672716,0.0678214829614888,0.10030192847788619,-2.6545454545454543,-1.8950828792241325,10.0,10.0,20.0,-0.01809240838381313,-0.002978744392748922,-0.007362373871728778,0.12340951781294858,0.19195898776826117,-8.463636363636363,-7.115171788125327,-10.0,-90.0,-100.0,-0.053248804913832354
sample_001888,0.011158697307109833,0.023081190884113312,0.07331264546159814,0.1366100469822913,13.640211640211641,7.799513851358695,50.0,90.0,140.0,0.17898821775572837,0.008032628335058689,0.012867859564721584,0.1487603305785124,0.2589928057553957,6.722222222222222,4.90298190259927,30.0,30.0,60.0,0.11129120877486506,0.006744697690010071,0.012132436037063599,0.14130841121495327,0.247625286603341,7.076719576719577,4.732908552062614,40.0,20.0,60.0,0.11776747116565124,-0.0031260689720511436,-0.010213331319391727,0.07544768511691426,0.1223827587731044,-6.917989417989419,-2.896531948759425,-20.0,-60.0,-80.0,-0.06769700898086331,-0.0012879306450486183,-0.0007354235276579857,-0.0074519193635591285,-0.011367519152054695,0.3544973544973544,-0.17007335053665518,10.0,-10.0,0.0,0.006476262390786178,-0.004413999617099762,-0.010948754847049713,0.06799576575335513,0.1110152396210497,-6.563492063492064,-3.0666052992960804,-10.0,-70.0,-80.0,-0.06122074659007713
sample_001536,0.011867995373904705,0.021393226459622383,0.066746126340882,0.12513966480446928,14.982142857142858,10.054312375692417,20.0,140.0,160.0,0.17395340354945643,0.004770589992403984,0.009454918093979359,0.12968967114404817,0.22960229602296023,7.710714285714285,4.885797775002524,40.0,50.0,90.0,0.1157023778421451,0.0037757002282887697,0.00785138364881277,0.14606155451225875,0.25489303595812474,6.8464285714285715,4.170301165495591,20.0,60.0,80.0,0.09201949914406322,-0.007097405381500721,-0.011938308365643024,0.06294354480316616,0.10446263121849095,-7.271428571428572,-5.168514600689893,20.0,-90.0,-70.0,-0.05825102570731133,-0.0009948897641152143,-0.0016035344451665878,0.016371883368210577,0.025290739935164508,-0.8642857142857139,-0.7154966095069328,-20.0,10.0,-10.0,-0.023682878698081875,-0.008092295145615935,-0.013541842810809612,0.07931542817137674,0.12975337115365546,-8.135714285714286,-5.884011210196826,0.0,-80.0,-80.0,-0.08193390440539321
sample_000503,0.006551090162247419,0.017620861530303955,0.018947368421052633,0.0371900826446281,52.77777777777778,20.909603855680803,50.0,150.0,200.0,0.13967450682204072,0.003761355532333255,0.009572699666023254,0.03487020534676482,0.06739049045301385,28.677777777777777,11.607140311320931,30.0,60.0,90.0,0.08953507882131942,0.0026894044131040573,0.007478699553757906,0.044709388971684055,0.08559201141226819,22.366666666666667,9.06783094759643,40.0,70.0,110.0,0.07346820972449063,-0.0027897346299141645,-0.0080481618642807,0.015922836925712187,0.030200407808385746,-24.1,-9.302463544359872,-20.0,-90.0,-110.0,-0.0501394280007213,-0.0010719511192291975,-0.0020940001122653484,0.009839183624919236,0.01820152095925434,-6.31111111111111,-2.5393093637245006,10.0,10.0,20.0,-0.016066869096828792,-0.003861685749143362,-0.010142161976546049,0.025762020550631422,0.04840192876764009,-30.41111111111111,-11.841772908084373,-10.0,-80.0,-90.0,-0.06620629709755009
sample_001208,0.00678987754508853,0.012680638581514359,0.07061592781482935,0.131916452913155,14.161111111111111,12.535931184742996,0.0,160.0,160.0,0.11757326748048796,0.0033349667210131884,0.006883885245770216,0.11049723756906077,0.19900497512437812,9.05,7.225886951594831,20.0,30.0,50.0,0.10243507357505942,0.0022112522274255753,0.004809853155165911,0.1483924154987634,0.25843503230437903,6.738888888888889,5.354995122744595,10.0,50.0,60.0,0.0708631178545022,-0.0034549108240753412,-0.0057967533357441425,0.03988130975423142,0.0670885222112231,-5.111111111111111,-5.310044233148164,20.0,-130.0,-110.0,-0.015138193905428546,-0.001123714493587613,-0.0020740320906043053,0.03789517792970262,0.05943005718000091,-2.311111111111112,-1.8708918288502367,-10.0,20.0,10.0,-0.031571955720557224,-0.004578625317662954,-0.007870785426348448,0.07777648768393404,0.12651857939122402,-7.4222222222222225,-7.180936061998401,10.0,-110.0,-100.0,-0.04671014962598577
sample_000155,0.0036359664518386126,0.011318531818687916,0.07021650087770626,0.13121924548933844,14.241666666666667,14.486945895817307,50.0,130.0,180.0,0.09666544836066111,0.002341492800042033,0.006802143529057503,0.11390602752728998,0.20451640391989775,8.779166666666667,9.121271121494967,30.0,50.0,80.0,0.06292311928550619,0.0014722618507221341,0.004820642992854118,0.1532567049808429,0.26578073089701,6.525,6.7575921787200075,30.0,50.0,80.0,0.047521590189772804,-0.0012944736517965794,-0.004516388289630413,0.043689526649583726,0.07329715843055931,-5.4625,-5.36567477432234,-20.0,-80.0,-100.0,-0.033742329075154925,-0.0008692309493198991,-0.0019815005362033844,0.03935067745355292,0.06126432697711223,-2.2541666666666664,-2.3636789427749596,0.0,0.0,0.0,-0.015401529095733384,-0.0021637046011164784,-0.0064978888258337975,0.08304020410313664,0.13456148540767154,-7.716666666666667,-7.7293537170972995,-20.0,-80.0,-100.0,-0.04914385817088831
sample_000172,0.004712663125246763,0.013240273110568523,0.03753910323253389,0.07236180904522613,26.63888888888889,20.52401337240856,40.0,160.0,200.0,0.11096844858919155,0.0022207696456462145,0.006514443550258875,0.0693307655272027,0.12967131922557407,14.42361111111111,10.55446445135979,20.0,70.0,90.0,0.06619600152959293,0.0013315255055204034,0.004280891735106707,0.10442349528643945,0.18910045961917268,9.57638888888889,7.277690212721967,20.0,80.0,100.0,0.04837684126617425,-0.0024918934796005487,-0.0067258295603096485,0.03179166229466881,0.05730951018034794,-12.215277777777779,-9.969548921048771,-20.0,-90.0,-110.0,-0.044772447059598625,-0.0008892441401258111,-0.0022335518151521683,0.035092729759236746,0.05942914039359862,-4.847222222222221,-3.276774238637823,0.0,10.0,10.0,-0.017819160263418676,-0.00338113761972636,-0.008959381375461817,0.06688439205390556,0.11673865057394656,-17.0625,-13.246323159686593,-20.0,-80.0,-100.0,-0.0625916073230173
sample_000676,0.0031828712671995163,0.010660388506948948,0.05715952172645086,0.10813793103448276,17.494897959183675,11.999001057828337,60.0,90.0,150.0,0.09244662818534256,0.0022989220451563597,0.00651629688218236,0.09712586719524281,0.17705510388437218,10.295918367346939,7.817908116839376,30.0,10.0,40.0,0.05925547610641297,0.001979294465854764,0.006102574989199638,0.1037037037037037,0.18791946308724833,9.642857142857142,7.2956353404422725,30.0,10.0,40.0,0.05508729879008295,-0.0008839492220431566,-0.004144091624766588,0.03996634546879195,0.06891717284988942,-7.198979591836736,-4.181092940988962,-30.0,-80.0,-110.0,-0.033191152078929594,-0.0003196275793015957,-0.00041372189298272133,0.006577836508460888,0.01086435920287615,-0.6530612244897966,-0.5222727763971031,0.0,0.0,0.0,-0.00416817731633002,-0.0012035768013447523,-0.0045578135177493095,0.04654418197725284,0.07978153205276557,-7.852040816326532,-4.703365717386065,-30.0,-80.0,-110.0,-0.03735932939525961
sample_000167,0.006223950069397688,0.017564771696925163,0.07499026100506427,0.1395180286283747,13.335064935064935,11.547377386595048,60.0,90.0,150.0,0.14529291524800364,0.0028794368263334036,0.009114997461438179,0.12304250559284116,0.21912350597609562,8.127272727272727,6.4903153718490945,30.0,10.0,40.0,0.07813334088442377,0.003726257709786296,0.010362201370298862,0.12919463087248323,0.2288261515601783,7.740259740259741,7.255395320308359,30.0,10.0,40.0,0.08918218467486397,-0.0033445132430642843,-0.008449774235486984,0.04805224458777689,0.07960547734772092,-5.207792207792208,-5.057062014745954,-30.0,-80.0,-110.0,-0.06715957436357987,0.0008468208834528923,0.0012472039088606834,0.006152125279642068,0.00970264558408268,-0.38701298701298636,0.765079948459265,0.0,0.0,0.0,0.011048843790440202,-0.002497692359611392,-0.007202570326626301,0.05420436986741896,0.0893081229318036,-5.594805194805194,-4.291982066286689,-30.0,-80.0,-110.0,-0.05611073057313967
sample_000352,0.009676373563706875,0.017220513895154,0.20550077841203945,0.340938441670254,4.866161616161616,4.506669854270952,20.0,100.0,120.0,0.14368951466303456,0.0049153040163218975,0.009362971410155296,0.33403627161535215,0.5007903888713247,2.9936868686868685,2.892289482862514,20.0,20.0,40.0,0.10718960492013568,0.0018335602944716811,0.004811731167137623,0.47739602169981915,0.6462668298653611,2.0946969696969697,1.9642147972781896,20.0,30.0,50.0,0.05975287492396504,-0.004761069547384977,-0.007857542484998703,0.1285354932033127,0.15985194720107065,-1.8724747474747474,-1.6143803714084384,0.0,-80.0,-80.0,-0.03649990974289888,-0.0030817437218502164,-0.0045512402430176735,0.143359750084467,0.14547644099403645,-0.8989898989898988,-0.9280746855843243,0.0,10.0,10.0,-0.04743672999617064,-0.007842813269235194,-0.012408782728016376,0.2718952432877797,0.3053283881951071,-2.771464646464646,-2.542455056992763,0.0,-70.0,-70.0,-0.08393663973906952
sample_001467,0.009630654938519001,0.021602489054203033,0.09939652112176074,0.1808201485308363,10.060714285714285,7.008382774781384,50.0,80.0,130.0,0.17271482480020434,0.005796818062663078,0.010908854193985462,0.21341463414634146,0.35175879396984927,4.685714285714286,4.080477238478757,20.0,10.0,30.0,0.09326866886700955,0.003870208514854312,0.009394743479788303,0.20441988950276244,0.3394495412844037,4.839285714285714,3.5168716742772257,40.0,10.0,50.0,0.08708067449183778,-0.0038338368758559227,-0.010693634860217571,0.11401811302458072,0.17093864543901297,-5.374999999999999,-2.927905536302627,-30.0,-70.0,-100.0,-0.07944615593319479,-0.0019266095478087664,-0.0015141107141971588,-0.008994744643579022,-0.012309252685445582,0.15357142857142847,-0.5636055642015312,20.0,0.0,20.0,-0.006187994375171771,-0.005760446423664689,-0.01220774557441473,0.1050233683810017,0.15862939275356738,-5.221428571428571,-3.4915111005041584,-10.0,-70.0,-80.0,-0.08563415030836656
sample_002010,0.009500556625425816,0.02340804785490036,0.028737598357851522,0.0558696375124709,34.79761904761905,14.832721826142688,60.0,140.0,200.0,0.17761216261481913,0.004946378991007805,0.012451059184968472,0.05188387893761581,0.09864944216089254,19.273809523809526,8.069229751756673,40.0,60.0,100.0,0.09795186995863288,0.0043062190525233746,0.011501170694828033,0.05459863503412415,0.10354391371340524,18.31547619047619,7.391360245342594,40.0,60.0,100.0,0.09585743325399537,-0.004554177634418011,-0.010956988669931889,0.02314628057976429,0.04277980464842164,-15.523809523809526,-6.763492074386015,-20.0,-80.0,-100.0,-0.07966029265618625,-0.0006401599384844303,-0.0009498884901404381,0.0027147560965083348,0.0048944715525127,-0.9583333333333357,-0.677869506414079,0.0,0.0,0.0,-0.002094436704637506,-0.005194337572902441,-0.011906877160072327,0.025861036676272625,0.04767427620093434,-16.48214285714286,-7.441361580800094,-20.0,-80.0,-100.0,-0.08175472936082376
sample_002098,0.01116820890456438,0.019548991695046425,0.19712825504989048,0.32933523073795484,5.07283950617284,5.077036945960573,40.0,120.0,160.0,0.15944133474811018,0.004009844269603491,0.008735728450119495,0.31310398144569,0.47689137474241977,3.1938271604938273,2.8151594169885326,20.0,30.0,50.0,0.10005842216305458,0.0014988373732194304,0.004530363716185093,0.4352498656636217,0.6065144140771247,2.297530864197531,1.8267507255595523,20.0,40.0,60.0,0.04952884759060892,-0.00715836463496089,-0.01081326324492693,0.11597572639579953,0.14755614400446493,-1.8790123456790124,-2.26187752897204,-20.0,-90.0,-110.0,-0.0593829125850556,-0.0025110068963840604,-0.0042053647339344025,0.12214588421793171,0.12962303933470493,-0.8962962962962964,-0.9884086914289802,0.0,10.0,10.0,-0.05052957457244566,-0.00966937153134495,-0.015018627978861332,0.23812161061373124,0.27717918333916985,-2.775308641975309,-3.25028622040102,-20.0,-80.0,-100.0,-0.10991248715750127
sample_001451,0.003996561747044325,0.008931595832109451,0.18622327790973872,0.31397677212655184,5.369897959183674,10.310008401695077,0.0,140.0,140.0,0.07998177272700782,0.0011940542608499527,0.003925275523215532,0.2774239207360226,0.4343490304709141,3.604591836734694,5.08573757323963,20.0,10.0,30.0,0.06003122442332428,0.0008232815307565033,0.0027947910130023956,0.3923923923923924,0.5636232925952552,2.548469387755102,3.909363324421147,0.0,30.0,30.0,0.041272401602147485,-0.002802507486194372,-0.005006320308893919,0.0912006428262839,0.12037225834436227,-1.7653061224489797,-5.224270828455447,20.0,-130.0,-110.0,-0.019950548303683542,-0.00037077273009344935,-0.0011304845102131367,0.11496847165636975,0.12927426212434112,-1.056122448979592,-1.1763742488184827,-20.0,20.0,0.0,-0.018758822821176795,-0.0031732802162878215,-0.006136804819107056,0.20616911448265365,0.2496465204687034,-2.8214285714285716,-6.40064507727393,0.0,-110.0,-110.0,-0.03870937112486034
sample_000316,0.0018724388210102916,0.005601156502962112,0.05037783375314862,0.09592326139088729,19.85,24.834413744949796,0.0,180.0,180.0,0.05183225713251368,0.001303353812545538,0.003921873401850462,0.06672226855713094,0.12509773260359655,14.9875,17.681330074635145,20.0,40.0,60.0,0.06141987910031466,0.0006352526252157986,0.002024861518293619,0.12965964343598055,0.22955523672883787,7.7125,9.625566805046672,0.0,50.0,50.0,0.034324722656312034,-0.0005690850084647536,-0.0016792831011116505,0.016344434803982323,0.02917447121270926,-4.862500000000001,-7.1530836703146505,20.0,-140.0,-120.0,0.009587621967800983,-0.0006681011873297393,-0.0018970118835568428,0.06293737487884961,0.10445750412524132,-7.275,-8.055763269588473,-20.0,10.0,-10.0,-0.02709515644400263,-0.001237186195794493,-0.0035762949846684933,0.07928180968283194,0.13363197533795057,-12.137500000000001,-15.208846939903124,0.0,-130.0,-130.0,-0.017507534476201646
sample_001723,0.006148445885628462,0.012219869531691074,0.13177159590043924,0.23285899094437257,7.588888888888889,7.481635635922284,10.0,140.0,150.0,0.10456113290481338,0.0016495183808729053,0.004690299741923809,0.23285899094437257,0.3777544596012592,4.294444444444444,3.3368981539439115,30.0,20.0,50.0,0.06413033640105967,0.0013693602522835135,0.0038360662292689085,0.27842227378190254,0.4355716878402904,3.591666666666667,3.002806673369616,10.0,40.0,50.0,0.051674365742569256,-0.004498927504755557,-0.007529569789767265,0.10108739504393333,0.14489546865688663,-3.2944444444444443,-4.144737481978373,20.0,-120.0,-100.0,-0.04043079650375371,-0.0002801581285893917,-0.0008542335126549006,0.04556328283752997,0.05781722823903118,-0.7027777777777775,-0.3340914805742954,-20.0,20.0,0.0,-0.012455970658490412,-0.004779085633344948,-0.008383803302422166,0.1466506778814633,0.2027126968959178,-3.997222222222222,-4.478828962552669,0.0,-100.0,-100.0,-0.05288676716224412
sample_001111,0.010655100457370281,0.01874493807554245,0.10366182014001077,0.18785069529153453,9.646753246753248,6.697940750310997,20.0,140.0,160.0,0.14828124583256033,0.0063399262726306915,0.010268679820001125,0.18246445497630331,0.30861723446893785,5.48051948051948,4.191696471278572,40.0,40.0,80.0,0.11856611773342594,0.0027758379001170397,0.006157663185149431,0.22903033908387865,0.3727008712487899,4.3662337662337665,2.736320469440021,20.0,50.0,70.0,0.06921814632749314,-0.00431517418473959,-0.008476258255541325,0.07880263483629255,0.12076653917740332,-4.166233766233767,-2.5062442790324253,20.0,-100.0,-80.0,-0.02971512809913439,-0.003564088372513652,-0.004111016634851694,0.04656588410757534,0.06408363677985207,-1.1142857142857139,-1.4553760018385509,-20.0,10.0,-10.0,-0.049347971405932806,-0.007879262557253242,-0.012587274890393019,0.12536851894386788,0.1848501759572554,-5.280519480519481,-3.961620280870976,0.0,-90.0,-90.0,-0.0790630995050672
sample_000562,0.009276255033910275,0.021674005314707756,0.02960713607895236,0.05751152073732719,33.77564102564103,22.49696414153393,30.0,150.0,180.0,0.17245061497548836,0.0032357554882764816,0.009084445424377918,0.05788497217068646,0.1094352858646089,17.275641025641026,9.839662980688438,30.0,50.0,80.0,0.10180548122030313,0.0026697206776589155,0.00723290117457509,0.07734258800198314,0.14358030372756558,12.929487179487179,7.893317896800902,20.0,80.0,100.0,0.07720373697675685,-0.006040499545633793,-0.012589559890329838,0.028277836091734097,0.05192376512728172,-16.500000000000004,-12.657301160845492,0.0,-100.0,-100.0,-0.07064513375518523,-0.0005660348106175661,-0.0018515442498028278,0.019457615831296682,0.03414501786295668,-4.346153846153847,-1.946345083887536,-10.0,30.0,20.0,-0.024601744243546275,-0.006606534356251359,-0.014441104140132666,0.047735451923030775,0.0860687829902384,-20.84615384615385,-14.603646244733028,-10.0,-70.0,-80.0,-0.09524687799873151
sample_002168,0.006719430908560753,0.013816296122968197,0.030942334739803096,0.06002728512960437,32.31818181818182,18.136665189499524,10.0,180.0,190.0,0.11533204497713885,0.002185764955356717,0.005959476809948683,0.053495440729483285,0.10155799192152337,18.693181818181817,7.884857093825164,30.0,50.0,80.0,0.07695826256354191,0.0013773300452157855,0.0038044173270463943,0.08437200383509108,0.15561450044208666,11.852272727272727,5.183123711711937,10.0,50.0,60.0,0.04965171238499813,-0.004533665953204036,-0.007856819313019514,0.02255310598968019,0.041530706791919,-13.625000000000004,-10.25180809567436,20.0,-130.0,-110.0,-0.038373782413596944,-0.0008084349101409316,-0.0021550594829022884,0.030876563105607796,0.05405650852056329,-6.84090909090909,-2.701733382113227,-20.0,0.0,-20.0,-0.027306550178543776,-0.005342100863344967,-0.010011878795921803,0.053429669095287985,0.0955872153124823,-20.465909090909093,-12.953541477787589,0.0,-130.0,-130.0,-0.06568033259214072
sample_001196,0.00845241267234087,0.018092986196279526,0.02262443438914027,0.04424778761061947,44.2,20.318028213664622,30.0,160.0,190.0,0.14792827455252108,0.005035681184381247,0.010351625271141529,0.0390625,0.07518796992481203,25.6,11.804073993202612,40.0,50.0,90.0,0.11866716399959401,0.003685211995616555,0.008551239036023617,0.04396678065461651,0.08423022929340196,22.744444444444444,9.712999540428147,30.0,60.0,90.0,0.09536030829231473,-0.0034167314879596233,-0.007741360925137997,0.01643806561085973,0.030940182314192557,-18.6,-8.51395422046201,10.0,-110.0,-100.0,-0.029261110552927072,-0.0013504691887646914,-0.0018003862351179123,0.004904280654616511,0.009042259368589933,-2.855555555555558,-2.091074452774466,-10.0,10.0,0.0,-0.023306855707279278,-0.004767200676724315,-0.009541747160255909,0.02134234626547624,0.03998244168278249,-21.45555555555556,-10.605028673236475,0.0,-100.0,-100.0,-0.05256796626020635
sample_001899,0.006975409109145403,0.02012372575700283,0.07606190319394139,0.14137086903304774,13.147186147186147,14.12479459188275,60.0,130.0,190.0,0.16344555188784404,0.001965712523087859,0.007450294215232134,0.15924006908462868,0.27473182359952325,6.264069264069264,5.792359562588986,30.0,50.0,80.0,0.06420798765286691,0.002963440492749214,0.009390338324010372,0.15430861723446893,0.2673611111111111,6.48051948051948,7.122821220302374,40.0,50.0,90.0,0.08095094267977662,-0.005009696586057544,-0.012673431541770697,0.08317816589068729,0.1333609545664755,-6.883116883116883,-8.332435029293764,-30.0,-80.0,-110.0,-0.09923756423497714,0.000997727969661355,0.0019400441087782383,-0.0049314518501597515,-0.0073707124884121455,0.216450216450216,1.3304616577133874,10.0,0.0,10.0,0.016742955026909714,-0.004011968616396189,-0.010733387432992458,0.07824671404052753,0.12599024207806336,-6.666666666666667,-7.001973371580377,-20.0,-80.0,-100.0,-0.08249460920806742
sample_000775,0.007703620940446854,0.01905656047165394,0.12663237039968342,0.2247980330172111,7.896875,9.877864694897621,40.0,90.0,130.0,0.1533836256861796,0.0027700811624526978,0.00779568450525403,0.26370004120313145,0.41734594065862407,3.7921875,4.61314592457461,20.0,20.0,40.0,0.07011428520155892,0.0018114937702193856,0.005854205694049597,0.3096067695370831,0.47282402128468265,3.1109375,3.6263065891487782,20.0,20.0,40.0,0.05722149716725368,-0.004933539777994156,-0.011260875966399908,0.13706767080344803,0.19254790764141297,-4.1046875,-5.264718770323011,-20.0,-70.0,-90.0,-0.08326934048462069,-0.0009585873922333121,-0.0019414788112044334,0.04590672833395165,0.05547808062605858,-0.6812499999999999,-0.9868393354258318,0.0,0.0,0.0,-0.012892788034305241,-0.005892127170227468,-0.013202354777604342,0.18297439913739968,0.24802598826747155,-4.785937499999999,-6.251558105748843,-20.0,-70.0,-90.0,-0.09616212851892593
sample_001971,0.010048597119748592,0.021159837022423744,0.034957395674022285,0.06755330377876292,28.60625,14.324858777591023,30.0,170.0,200.0,0.16079472006373843,0.002070494694635272,0.00630060164257884,0.08154943934760449,0.15080113100848255,12.2625,4.158439112123165,30.0,50.0,80.0,0.06027215245867218,0.0022890360560268164,0.006298671942204237,0.09345794392523364,0.17094017094017094,10.7,4.3174848902754634,30.0,70.0,100.0,0.060250860505264715,-0.00797810242511332,-0.014859235379844904,0.046592043673582204,0.08324782722971963,-16.34375,-10.166419665467858,0.0,-120.0,-120.0,-0.10052256760506625,0.00021854136139154434,-1.9297003746032715e-06,0.011908504577629153,0.02013903993168839,-1.5625,0.15904577815229803,0.0,20.0,20.0,-2.129195340746376e-05,-0.007759561063721776,-0.014861165080219507,0.05850054825121136,0.10338686716140802,-17.90625,-10.007373887315559,0.0,-100.0,-100.0,-0.10054385955847372
sample_002064,0.017033221200108528,0.033225566148757935,0.10203268234356318,0.18517179023508137,9.80078125,7.398719660257492,60.0,110.0,170.0,0.25267799208736447,0.00925737340003252,0.01817404292523861,0.17192746809939558,0.2934097421203438,5.81640625,4.516712335202168,30.0,40.0,70.0,0.13879925792196543,0.007271192967891693,0.016606364399194717,0.17006200177147918,0.2906888720666162,5.880208333333333,4.101961800500516,50.0,40.0,90.0,0.13630612004968978,-0.007775847800076008,-0.015051523223519325,0.0698947857558324,0.10823795188526245,-3.984375,-2.8820073250553238,-30.0,-70.0,-100.0,-0.11387873416539904,-0.001986180432140827,-0.001567678526043892,-0.0018654663279163985,-0.00272087005372762,0.06380208333333304,-0.41475053470165246,20.0,0.0,20.0,-0.002493137872275647,-0.009762028232216835,-0.016619201749563217,0.068029319427916,0.10551708183153483,-3.920572916666667,-3.296757859756976,-10.0,-70.0,-80.0,-0.11637187203767468
sample_001548,0.011303100734949112,0.02092912793159485,0.09006140550375256,0.1652409764239516,11.103535353535353,8.111585794979975,40.0,130.0,170.0,0.16844708983700027,0.005467988085001707,0.01063318271189928,0.15480844409695074,0.26811103588354773,6.459595959595959,4.583356249319965,30.0,50.0,80.0,0.11528016823776228,0.004067773465067148,0.008262584917247295,0.18384401114206128,0.31058823529411766,5.4393939393939394,3.773822681537154,30.0,70.0,100.0,0.09266884423144434,-0.005835112649947405,-0.010295945219695568,0.06474703859319818,0.10287005945959612,-4.643939393939394,-3.52822954566001,-10.0,-80.0,-90.0,-0.053166921599237985,-0.0014002146199345589,-0.002370597794651985,0.02903556704511054,0.04247719941056993,-1.0202020202020199,-0.809533567782811,0.0,20.0,20.0,-0.022611324006317948,-0.007235327269881964,-0.012666543014347553,0.09378260563830872,0.14534725887016606,-5.6641414141414135,-4.337763113442821,-10.0,-60.0,-70.0,-0.07577824560555593
sample_000381,0.011638030409812927,0.023387469351291656,0.11591962905718702,0.2077562326869806,8.626666666666667,14.368973443747372,30.0,160.0,190.0,0.18742955670749506,0.00168971240054816,0.006343142595142126,0.2356637863315004,0.3814367450731087,4.243333333333333,4.62290978228658,30.0,40.0,70.0,0.07876187185404158,0.00206392933614552,0.006309937685728073,0.28328611898017,0.44150110375275936,3.53,4.5428705367231625,10.0,60.0,70.0,0.07322568303363218,-0.009948318009264767,-0.01704432675614953,0.11974415727431338,0.1736805123861281,-4.383333333333334,-9.746063661460791,0.0,-120.0,-120.0,-0.10866768485345348,0.00037421693559736013,-3.320490941405296e-05,0.04762233264866958,0.06006435867965065,-0.7133333333333334,-0.0800392455634178,-20.0,20.0,0.0,-0.0055361888204094045,-0.009574101073667407,-0.017077531665563583,0.16736648992298298,0.23374487106577876,-5.096666666666668,-9.82610290702421,-20.0,-100.0,-120.0,-0.11420387367386288
sample_000114,0.01818123832345009,0.03613058477640152,0.059940059940059943,0.11310084825636192,16.683333333333334,11.765644617157461,60.0,140.0,200.0,0.27231854498119945,0.0057402122765779495,0.013872972689568996,0.1259863229879011,0.22377949077318385,7.91875,4.8674681901869326,30.0,60.0,90.0,0.10259671881626803,0.005609036888927221,0.013890772126615047,0.1309328968903437,0.23154848046309695,7.6375,4.8271191792427235,50.0,60.0,110.0,0.10545592457403084,-0.012441026046872139,-0.022257612086832523,0.06604626304784117,0.11067864251682193,-8.764583333333334,-6.898176426970529,-30.0,-80.0,-110.0,-0.16972182616493142,-0.00013117538765072823,1.7799437046051025e-05,0.0049465739024426025,0.007768989689913103,-0.28125,-0.04034901094420906,20.0,0.0,20.0,0.0028592057577628144,-0.012572201434522867,-0.022239812649786472,0.07099283695028377,0.11844763220673503,-9.045833333333334,-6.938525437914738,-10.0,-80.0,-90.0,-0.1668626204071686
sample_000761,0.009787401184439659,0.019919423386454582,0.04681155958920468,0.08943645904631531,21.362244897959183,10.217463884692068,50.0,110.0,160.0,0.15588757095412312,0.005919290706515312,0.009927286766469479,0.10453333333333334,0.18928054080154516,9.566326530612244,5.5271955522998875,30.0,30.0,60.0,0.10210956151946741,0.00450139818713069,0.008680724538862705,0.10520665593129361,0.19038368139873726,9.505102040816327,4.830368480534095,30.0,20.0,50.0,0.0928929744784856,-0.003868110477924347,-0.009992136619985104,0.05772177374412866,0.09984408175522985,-11.795918367346939,-4.69026833239218,-20.0,-80.0,-100.0,-0.0537780094346557,-0.0014178925193846226,-0.0012465622276067734,0.0006733225979602686,0.0011031405971921038,-0.06122448979591688,-0.6968270717657923,0.0,-10.0,-10.0,-0.009216587040981813,-0.0052860029973089695,-0.011238698847591877,0.05839509634208893,0.10094722235242196,-11.857142857142856,-5.387095404157972,-20.0,-90.0,-110.0,-0.06299459647563752
sample_001580,0.01976427249610424,0.03158503398299217,0.08518189884649512,0.15699100572363042,11.739583333333334,8.479710247997513,30.0,100.0,130.0,0.2536682611325918,0.01122087612748146,0.016694607213139534,0.15780730897009967,0.27259684361549497,6.260416666666667,4.791438571928613,20.0,20.0,40.0,0.17538284285266836,0.008673811331391335,0.014082935638725758,0.16759776536312848,0.28708133971291866,5.966666666666667,4.209663392477151,20.0,40.0,60.0,0.1464361662315383,-0.00854339636862278,-0.014890426769852638,0.07262541012360456,0.11560583789186454,-5.479166666666667,-3.6882716760689,-10.0,-80.0,-90.0,-0.07828541827992341,-0.002547064796090126,-0.0026116715744137764,0.009790456393028807,0.014484496097423694,-0.2937500000000002,-0.5817751794514621,0.0,20.0,20.0,-0.02894667662113007,-0.011090461164712906,-0.017502098344266415,0.08241586651663337,0.13009033398928824,-5.772916666666667,-4.270046855520362,-10.0,-60.0,-70.0,-0.10723209490105348
sample_001591,0.00955087598413229,0.022362010553479195,0.23040670274044336,0.37452120868208255,4.340151515151515,6.757447411568087,50.0,80.0,130.0,0.18159978309062622,0.0026566192973405123,0.008029662072658539,0.48015122873345933,0.648786717752235,1.9659090909090908,2.966360577495012,10.0,10.0,20.0,0.06565365493307074,0.002361779799684882,0.007915832102298737,0.47372236317506344,0.6428922774225283,2.08030303030303,3.001153883009453,30.0,10.0,40.0,0.07229577313002152,-0.006894256686791778,-0.014332348480820656,0.24974452599301597,0.2742655090701524,-2.374242424242424,-3.791086834073075,-40.0,-70.0,-110.0,-0.11594612815755548,-0.0002948394976556301,-0.00011382997035980225,-0.006428865558395891,-0.005894440329706652,0.11439393939393927,0.03479330551444093,20.0,0.0,20.0,0.0066421181969507775,-0.007189096184447408,-0.014446178451180458,0.24331566043462008,0.26837106874044575,-2.2598484848484848,-3.756293528558634,-20.0,-70.0,-90.0,-0.1093040099606047
sample_000709,0.009231890551745892,0.021102597936987877,0.03624647603705195,0.06995724834823164,27.58888888888889,12.338066646287192,60.0,120.0,180.0,0.15884367926473417,0.004221855662763119,0.009748728014528751,0.07544006705783739,0.1402961808261886,13.255555555555556,5.9239086154146205,30.0,50.0,80.0,0.07698607367632619,0.003491058712825179,0.008868779987096786,0.07982261640798226,0.14784394250513347,12.527777777777779,5.292917166254559,40.0,50.0,90.0,0.07502957241960405,-0.005010034888982773,-0.011353869922459126,0.039193591020785436,0.07033893247795697,-14.333333333333332,-6.414158030872572,-30.0,-70.0,-100.0,-0.08185760558840798,-0.0007307969499379396,-0.0008799480274319649,0.004382549350144871,0.007547761678944859,-0.7277777777777779,-0.6309914491600619,10.0,0.0,10.0,-0.001956501256722143,-0.0057408318389207125,-0.01223381794989109,0.04357614037093031,0.07788669415690183,-15.06111111111111,-7.0451494800326335,-20.0,-70.0,-90.0,-0.08381410684513012
sample_000703,0.011651527136564255,0.021732674911618233,0.11646136618141098,0.2086258776328987,8.586538461538462,9.768308035246651,30.0,110.0,140.0,0.18195717578842818,0.004593560937792063,0.00939720869064331,0.2225557461406518,0.36408277797264116,4.482692307692307,4.751105768711835,20.0,20.0,40.0,0.1150033377469971,0.0023302638437598944,0.005893605295568705,0.28745163073521285,0.44654358093602403,3.478846153846154,3.2050094709559778,10.0,20.0,30.0,0.07116997124729899,-0.007057966198772192,-0.012335466220974922,0.10609437995924081,0.15545690033974247,-4.103846153846154,-5.017202266534816,-10.0,-90.0,-100.0,-0.06695383804143108,-0.0022632970940321684,-0.003503603395074606,0.06489588459456105,0.08246080296338287,-1.0038461538461534,-1.5460962977558577,-10.0,0.0,-10.0,-0.043833366499698115,-0.00932126329280436,-0.015839069616049528,0.17099026455380187,0.23791770330312534,-5.107692307692307,-6.563298564290673,-20.0,-90.0,-110.0,-0.1107872045411292
sample_001400,0.009023808874189854,0.01766054704785347,0.06373452725836186,0.11983164149541965,15.690082644628099,13.569226959238309,20.0,180.0,200.0,0.1432171069108968,0.0018353182822465897,0.006270214915275574,0.11442080378250591,0.20534577853203226,8.739669421487603,4.9535107861913525,30.0,50.0,80.0,0.07319805684302555,0.001695255865342915,0.005022888537496328,0.15191462649089768,0.26376021798365124,6.582644628099174,4.206761261099112,10.0,60.0,70.0,0.05801921782635628,-0.007188490591943264,-0.011390332132577896,0.05068627652414405,0.0855141370366126,-6.950413223140496,-8.615716173046955,10.0,-130.0,-120.0,-0.07001905006787126,-0.0001400624169036746,-0.0012473263777792454,0.03749382270839177,0.05841443945161898,-2.1570247933884295,-0.7467495250922402,-20.0,10.0,-10.0,-0.01517883901666927,-0.007328553008846939,-0.012637658510357141,0.08818009923253582,0.1439285764882316,-9.107438016528924,-9.362465698139196,-10.0,-120.0,-130.0,-0.08519788908454054
sample_001887,0.006837379653006792,0.013495557010173798,0.10230179028132992,0.18561484918793503,9.775,8.034836243466449,0.0,160.0,160.0,0.11280889481450788,0.002984213875606656,0.006632423494011164,0.17777777777777778,0.3018867924528302,5.625,4.405951794565402,20.0,30.0,50.0,0.09095390985576995,0.0018330194288864732,0.004271059762686491,0.25477707006369427,0.40609137055837563,3.925,3.16144645737432,0.0,50.0,50.0,0.0569889245556119,-0.003853165777400136,-0.006863133516162634,0.07547598749644786,0.11627194326489515,-4.15,-3.628884448901047,20.0,-130.0,-110.0,-0.02185498495873793,-0.001151194446720183,-0.0023613637313246727,0.07699929228591648,0.10420457810554545,-1.7000000000000002,-1.244505337191082,-20.0,20.0,0.0,-0.033964985300158054,-0.005004360224120319,-0.009224497247487307,0.15247527978236436,0.2204765213704406,-5.8500000000000005,-4.87338978609213,0.0,-110.0,-110.0,-0.055819970258895985
sample_001331,0.0020282589830458164,0.00635986914858222,0.0580168776371308,0.10967098703888335,17.236363636363638,22.681823337271737,0.0,200.0,200.0,0.0560579473777642,0.0008266943041235209,0.003314763540402055,0.08533747090768037,0.15725518227305219,11.718181818181819,12.110863702506752,20.0,60.0,80.0,0.04775793470425138,0.0006383100990206003,0.0022807547356933355,0.08854166666666667,0.16267942583732056,6.6,7.888531245880205,0.0,70.0,70.0,0.028679815900034045,-0.0012015646789222956,-0.0030451056081801653,0.027320593270549573,0.04758419523416883,-5.518181818181819,-10.570959634764986,20.0,-140.0,-120.0,-0.008300012673512817,-0.00018838420510292053,-0.0010340088047087193,0.0032041957589862974,0.005424243564268377,-5.118181818181819,-4.222332456626547,-20.0,10.0,-10.0,-0.019078118804217337,-0.001389948884025216,-0.0040791144128888845,0.03052478902953587,0.05300843879843721,-10.636363636363638,-14.793292091391532,0.0,-130.0,-130.0,-0.027378131477730154
sample_001596,0.009899250231683254,0.021890951320528984,0.049910873440285206,0.09507640067911714,20.035714285714285,9.578824419131093,60.0,130.0,190.0,0.16224253562383983,0.0038648962508887053,0.009318436495959759,0.1065989847715736,0.1926605504587156,9.380952380952381,4.241756250476271,40.0,60.0,100.0,0.07081428828657542,0.0037748494651168585,0.009659653529524803,0.1000396982929734,0.18188379646337063,9.996031746031745,4.406062578474381,40.0,70.0,110.0,0.07598115536842415,-0.006034353980794549,-0.012572514824569225,0.0566881113312884,0.09758414977959846,-10.654761904761903,-5.337068168654822,-20.0,-70.0,-90.0,-0.09142824733726441,-9.004678577184677e-05,0.0003412170335650444,-0.006559286478600199,-0.010776753995344973,0.6150793650793638,0.1643063279981094,0.0,10.0,10.0,0.005166867081848728,-0.006124400766566396,-0.012231297791004181,0.0501288248526882,0.08680739578425349,-10.03968253968254,-5.172761840656713,-20.0,-60.0,-80.0,-0.08626138025541569
sample_002009,0.0071642459370195866,0.02029278874397278,0.10121590535655603,0.18382572366457775,9.87987012987013,12.369417915180966,60.0,120.0,180.0,0.16431075544027585,0.0014896778156980872,0.006184982601553202,0.23198792908336477,0.37660747091243113,4.3019480519480515,4.447941108361665,40.0,40.0,80.0,0.05460532170917471,0.0027411102782934904,0.008646284230053425,0.22408148417606402,0.36612184249628527,4.462662337662338,5.844351514913761,40.0,40.0,80.0,0.07487526374796998,-0.005674568121321499,-0.014107806142419577,0.13077202372680874,0.19278174724785338,-5.577922077922078,-7.921476806819301,-20.0,-80.0,-100.0,-0.10970543373110114,0.0012514324625954032,0.002461301628500223,-0.007906444907300747,-0.010485628416145865,0.16071428571428648,1.3964104065520964,0.0,0.0,0.0,0.020269942038795265,-0.004423135658726096,-0.011646504513919353,0.12286557881950799,0.18229611883170752,-5.417207792207791,-6.525066400267205,-20.0,-80.0,-100.0,-0.08943549169230587
sample_002116,0.018419582396745682,0.029809491708874702,0.12720045428733673,0.2256926952141058,7.861607142857143,5.115313987133078,20.0,110.0,130.0,0.21519149799706525,0.00793573446571827,0.013385501690208912,0.24181360201511334,0.3894523326572008,4.135416666666667,2.756667532244691,20.0,20.0,40.0,0.13627415124721923,0.0061266436241567135,0.01111494842916727,0.2762022194821208,0.43285024154589374,3.6205357142857144,2.331285879089951,20.0,30.0,50.0,0.1057530481457644,-0.010483847931027412,-0.01642399001866579,0.11461314772777662,0.16375963744309502,-3.7261904761904763,-2.3586464548883868,0.0,-90.0,-90.0,-0.07891734674984602,-0.0018090908415615559,-0.0022705532610416412,0.03438861746700747,0.04339790888869294,-0.5148809523809526,-0.4253816531547403,0.0,10.0,10.0,-0.030521103101454825,-0.012292938772588968,-0.018694543279707432,0.14900176519478409,0.20715754633178796,-4.241071428571429,-2.784028108043127,0.0,-80.0,-80.0,-0.10943844985130084
sample_000238,0.023047281429171562,0.03626216575503349,0.18778817940477854,0.31619809434184215,5.325148809523809,4.524720906578195,40.0,100.0,140.0,0.27682272026507787,0.007881256751716137,0.013779129832983017,0.35118892082571207,0.5198220847031522,2.847470238095238,2.3281506520733792,30.0,30.0,60.0,0.13766067543775018,0.009021680802106857,0.01555688213557005,0.3346613545816733,0.5014925373134328,2.988095238095238,2.5312543010923663,30.0,40.0,70.0,0.15313715086107088,-0.015166024677455425,-0.022483035922050476,0.16340074142093353,0.20362399036131001,-2.477678571428571,-2.196570254504816,-10.0,-70.0,-80.0,-0.1391620448273277,0.0011404240503907204,0.0017777523025870323,-0.016527566244038783,-0.01832954738971937,0.140625,0.20310364901898703,0.0,10.0,10.0,0.015476475423320701,-0.014025600627064705,-0.020705283619463444,0.14687317517689474,0.18529444297159064,-2.337053571428571,-1.9934666054858288,-10.0,-60.0,-70.0,-0.12368556940400699
sample_000737,0.005446774419397116,0.01438396330922842,0.06109979633401222,0.11516314779270634,16.366666666666667,16.11750377128751,20.0,170.0,190.0,0.11641294665557875,0.00107240816578269,0.00445976946502924,0.12917115177610333,0.22878932316491898,7.741666666666666,5.440343799156175,20.0,40.0,60.0,0.05402226157023935,0.0011216304264962673,0.0037274679634720087,0.18045112781954886,0.3057324840764331,5.541666666666667,4.868498307514237,20.0,60.0,80.0,0.04394121405728857,-0.004374366253614426,-0.00992419384419918,0.06807135544209111,0.11362617537221265,-8.625,-10.677159972131335,0.0,-130.0,-130.0,-0.0623906850853394,4.922226071357727e-05,-0.000732301501557231,0.05127997604344553,0.07694316091151412,-2.1999999999999993,-0.5718454916419384,0.0,20.0,20.0,-0.010081047512950782,-0.004325143992900848,-0.010656495345756412,0.11935133148553664,0.19056933628372677,-10.825,-11.249005463773273,0.0,-110.0,-110.0,-0.07247173259829018
sample_000271,0.011495664715766907,0.024887435138225555,0.06810156381368758,0.12751889168765743,14.683950617283951,9.120524354822978,60.0,120.0,180.0,0.19031534501509842,0.005725611466914415,0.012255948968231678,0.13331138907175774,0.23525994772001163,7.501234567901235,4.9773701455458035,30.0,50.0,80.0,0.09720284852147412,0.005102783907204866,0.012037869542837143,0.12902198152277797,0.22855530474040633,7.750617283950617,4.867313711229472,40.0,60.0,100.0,0.10254529161481392,-0.005770053248852491,-0.012631486169993877,0.06520982525807016,0.1077410560323542,-7.182716049382717,-4.143154209277174,-30.0,-70.0,-100.0,-0.0931124964936243,-0.000622827559709549,-0.00021807942539453506,-0.004289407548979773,-0.006704642979605296,0.24938271604938222,-0.1100564343163315,10.0,10.0,20.0,0.0053424430933397965,-0.00639288080856204,-0.012849565595388412,0.06092041770909039,0.10103641305274891,-6.9333333333333345,-4.253210643593506,-20.0,-60.0,-80.0,-0.0877700534002845
sample_001280,0.006431201007217169,0.014843545854091644,0.056451612903225805,0.10687022900763359,17.714285714285715,23.81507716117566,0.0,200.0,200.0,0.12241966756928292,0.0016858881572261453,0.005778903607279062,0.10228933268387726,0.1855943437914273,9.776190476190477,9.617871963462985,20.0,60.0,80.0,0.07418810522172647,0.001286169863305986,0.003994285594671965,0.15825169555388094,0.27325959661678595,6.319047619047619,6.89247658854407,0.0,70.0,70.0,0.05029260916778662,-0.0047453128499910235,-0.009064642246812582,0.04583771978065145,0.07872411478379372,-7.938095238095238,-14.197205197712677,20.0,-140.0,-120.0,-0.04823156234755645,-0.00039971829392015934,-0.0017846180126070976,0.05596236287000368,0.08766525282535864,-3.457142857142858,-2.7253953749189153,-20.0,10.0,-10.0,-0.023895496053939855,-0.005145031143911183,-0.01084926025941968,0.10180008265065513,0.16638936760915235,-11.395238095238096,-16.92260057263159,0.0,-130.0,-130.0,-0.0721270584014963
sample_000473,0.018248645588755608,0.03354678303003311,0.1268141468226011,0.22508440665249468,7.885555555555555,8.102311692524186,50.0,130.0,180.0,0.25856398462067415,0.004745689686387777,0.011879467405378819,0.2459016393442623,0.39473684210526316,4.066666666666666,3.4976492260664362,30.0,50.0,80.0,0.12333014396310096,0.005024951416999102,0.011228525079786777,0.27607361963190186,0.4326923076923077,3.6222222222222222,3.3458703364791886,30.0,70.0,100.0,0.1127451504600936,-0.01350295590236783,-0.021667315624654293,0.1190874925216612,0.16965243545276848,-3.818888888888889,-4.60466246645775,-20.0,-80.0,-100.0,-0.13523384065757318,0.0002792617306113243,-0.000650942325592041,0.030171980287639566,0.037955465587044546,-0.4444444444444442,-0.1517788895872476,0.0,20.0,20.0,-0.010584993503007359,-0.013223694171756506,-0.022318257950246334,0.14925947280930077,0.20760790103981303,-4.263333333333334,-4.756441356044997,-20.0,-60.0,-80.0,-0.14581883416058056
sample_001502,0.0038889299612492323,0.013113804161548615,0.059574468085106386,0.11244979919678715,16.785714285714285,18.977259309959088,50.0,100.0,150.0,0.11228903280064602,0.0022815600968897343,0.007100105285644531,0.11160318866253321,0.200796812749004,8.96031746031746,10.733287809757297,30.0,20.0,50.0,0.06560697513056879,0.0023819301277399063,0.007515931036323309,0.10834425513324596,0.1955065037445802,9.067460317460318,11.263607622482033,30.0,20.0,50.0,0.07094499501400299,-0.001607369864359498,-0.006013698875904083,0.05202872057742683,0.08834701355221684,-7.825396825396824,-8.243971500201791,-20.0,-80.0,-100.0,-0.04668205767007723,0.00010037003085017204,0.0004158257506787777,-0.0032589335292872584,-0.005290309004423788,0.10714285714285765,0.5303198127247359,0.0,0.0,0.0,0.0053380198834342,-0.001506999833509326,-0.0055978731252253056,0.04876978704813957,0.08305670454779306,-7.718253968253967,-7.713651687477055,-20.0,-80.0,-100.0,-0.04134403778664303
sample_000960,0.010830376297235489,0.02573947049677372,0.05930656934306569,0.1119724375538329,16.861538461538462,13.341558911430733,50.0,150.0,200.0,0.201048935792209,0.0031747433822602034,0.009442376904189587,0.12512030798845045,0.22241231822070145,7.992307692307692,5.367879171727484,30.0,70.0,100.0,0.08013162662086112,0.003297244431450963,0.009522044099867344,0.130609511051574,0.23104265402843602,7.656410256410257,5.490546067786822,30.0,70.0,100.0,0.0870589651924952,-0.0076556329149752855,-0.016297093592584133,0.06581373864538476,0.11043988066686855,-8.86923076923077,-7.973679739703249,-20.0,-80.0,-100.0,-0.12091730917134788,0.00012250104919075966,7.966719567775726e-05,0.00548920306312356,0.008630335807734563,-0.3358974358974356,0.12266689605933756,0.0,0.0,0.0,0.0069273385716340785,-0.007533131865784526,-0.016217426396906376,0.07130294170850832,0.11907021647460311,-9.205128205128204,-7.851012843643911,-20.0,-80.0,-100.0,-0.1139899705997138
sample_001604,0.008078091777861118,0.018839968368411064,0.06695961498221385,0.12551480682486763,14.934375,9.64059232544233,50.0,90.0,140.0,0.15375510465393386,0.005255913827568293,0.01008540391921997,0.1381692573402418,0.24279210925644917,7.2375,5.697098512424948,20.0,10.0,30.0,0.08921546441378805,0.004102893639355898,0.009383323602378368,0.12515387771850636,0.2224653537563822,7.56875,5.161286442803471,40.0,10.0,50.0,0.09130085233893953,-0.0028221779502928257,-0.008754564449191093,0.07120964235802794,0.11727730243158155,-7.6968749999999995,-3.9434938130173824,-30.0,-80.0,-110.0,-0.0645396402401458,-0.0011530201882123947,-0.0007020803168416023,-0.013015379621735435,-0.020326755500066962,0.3312499999999998,-0.5358120696214774,20.0,0.0,20.0,0.0020853879251514773,-0.00397519813850522,-0.009456644766032696,0.05819426273629251,0.09695054693151459,-7.365625,-4.47930588263886,-10.0,-80.0,-90.0,-0.062454252314994324
sample_001049,0.00852688867598772,0.020278260111808777,0.12622720897615708,0.22415940224159403,7.9222222222222225,13.123418394121957,30.0,130.0,160.0,0.16467470638628515,0.0020159119740128517,0.006251834332942963,0.30230326295585414,0.4642593957258659,3.3079365079365077,4.721211242442249,10.0,30.0,40.0,0.06462095578744634,0.002154942834749818,0.006799878552556038,0.2876712328767123,0.44680851063829785,3.4761904761904763,5.064729622143736,20.0,50.0,70.0,0.07264920735119107,-0.006510976701974869,-0.014026425778865814,0.17607605397969706,0.24009999348427186,-4.614285714285715,-8.402207151679708,-20.0,-100.0,-120.0,-0.10005375059883881,0.00013903086073696613,0.0005480442196130753,-0.014632030079141822,-0.017450885087568035,0.16825396825396854,0.3435183797014876,10.0,20.0,30.0,0.008028251563744732,-0.006371945841237903,-0.013478381559252739,0.16144402390055523,0.22264910839670382,-4.446031746031746,-8.058688771978222,-10.0,-80.0,-90.0,-0.09202549903509408
sample_001954,0.004740378353744745,0.015201098285615444,0.02920317062995411,0.05674908796108634,34.24285714285714,21.986757476156203,70.0,140.0,210.0,0.12673665091988934,0.002746106358245015,0.008180977776646614,0.05417956656346749,0.1027900146842878,18.457142857142856,12.486126025066286,30.0,60.0,90.0,0.07276502569162194,0.0023280850145965815,0.006915246602147818,0.06669842782277274,0.12505582849486377,14.992857142857142,10.591333856747703,40.0,60.0,100.0,0.062859041438063,-0.00199427199549973,-0.00702012050896883,0.024976395933513383,0.04604092672320147,-15.785714285714285,-9.500631451089918,-40.0,-80.0,-120.0,-0.0539716252282674,-0.0004180213436484337,-0.0012657311744987965,0.01251886125930525,0.022265813810575963,-3.4642857142857135,-1.8947921683185829,10.0,0.0,10.0,-0.00990598425355893,-0.002412293339148164,-0.008285851683467627,0.03749525719281863,0.06830674053377743,-19.25,-11.3954236194085,-30.0,-80.0,-110.0,-0.06387760948182633
sample_001051,0.012428480200469494,0.02326960675418377,0.05732899022801303,0.10844115834873691,17.443181818181817,14.423772460342997,40.0,150.0,190.0,0.19379958018009202,0.005965177435427904,0.011418607085943222,0.10084033613445378,0.183206106870229,9.916666666666666,7.60615147266212,20.0,50.0,70.0,0.1358562984617491,0.0038912612944841385,0.008756601251661777,0.11277231952157198,0.20268714011516314,8.867424242424242,5.97944077847661,20.0,50.0,70.0,0.10445872702999932,-0.00646330276504159,-0.011850999668240547,0.043511345906440756,0.0747649485214921,-7.5265151515151505,-6.817620987680877,-20.0,-100.0,-120.0,-0.057943281718342926,-0.0020739161409437656,-0.0026620058342814445,0.011931983387118192,0.019481033244934137,-1.0492424242424239,-1.62671069418551,0.0,0.0,0.0,-0.031397571431749774,-0.008537218905985355,-0.014513005502521992,0.05544332929355895,0.09424598176642623,-8.575757575757574,-8.444331681866387,-20.0,-100.0,-120.0,-0.0893408531500927
sample_000519,0.013601909391582012,0.02845888026058674,0.16941176470588235,0.289738430583501,5.902777777777778,6.759186829148756,50.0,100.0,150.0,0.22439824688233645,0.00542764738202095,0.012355413287878036,0.35511713933415534,0.5241128298453139,2.8159722222222223,3.501730715290971,20.0,30.0,50.0,0.10044003268012092,0.004322065506130457,0.012006382457911968,0.31126722507430427,0.47475788172264577,3.212673611111111,3.4308330527145885,40.0,30.0,70.0,0.10923714240656411,-0.008174262009561062,-0.016103466972708702,0.185705374628273,0.23437439926181292,-3.0868055555555554,-3.2574561138577844,-30.0,-70.0,-100.0,-0.12395821420221553,-0.0011055818758904934,-0.00034903082996606827,-0.043849914259851075,-0.04935494812266816,0.39670138888888884,-0.07089766257638264,20.0,0.0,20.0,0.008797109726443195,-0.009279843885451555,-0.01645249780267477,0.14185546036842192,0.18501945113914475,-2.6901041666666665,-3.328353776434167,-10.0,-70.0,-80.0,-0.11516110447577234
sample_002133,0.005597012583166361,0.011633899994194508,0.13284132841328414,0.23452768729641693,7.527777777777778,10.550798315137449,20.0,150.0,170.0,0.10125509410863358,0.001567447674460709,0.004655684810131788,0.23106546854942234,0.3753910323253389,4.3277777777777775,4.8103796308891695,20.0,20.0,40.0,0.06748568089152099,0.0007833566050976515,0.0025972158182412386,0.36885245901639346,0.5389221556886228,2.7111111111111112,3.1077097316464113,0.0,30.0,30.0,0.03892122208462525,-0.004029564908705652,-0.006978215184062719,0.0982241401361382,0.14086334502892195,-3.2,-5.740418684248279,0.0,-130.0,-130.0,-0.03376941321711259,-0.0007840910693630576,-0.0020584689918905497,0.13778699046697113,0.1635311233632839,-1.6166666666666663,-1.7026698992427582,-20.0,10.0,-10.0,-0.02856445880689574,-0.004813655978068709,-0.009036684175953269,0.23601113060310933,0.30439446839220585,-4.816666666666666,-7.443088583491038,-20.0,-120.0,-140.0,-0.06233387202400833
sample_000492,0.004268874879926443,0.01149406936019659,0.1087378640776699,0.19614711033274956,9.196428571428571,17.318265390365205,10.0,150.0,160.0,0.09738081281316474,0.0012774564092978835,0.004661741200834513,0.19255014326647565,0.3229216722729457,5.193452380952381,7.618980958316334,30.0,20.0,50.0,0.06347400789479546,0.0009222523658536375,0.003350521670654416,0.2630691399662732,0.4165554072096128,3.4583333333333335,5.609853671180267,10.0,40.0,50.0,0.040168224534914844,-0.0029914184706285596,-0.006832328159362078,0.08381227918880575,0.12677456194019615,-4.00297619047619,-9.69928443204887,20.0,-130.0,-110.0,-0.03390680491836928,-0.00035520404344424605,-0.0013112195301800966,0.07051899669979753,0.0936337349366671,-1.735119047619048,-2.0091272871360673,-20.0,20.0,0.0,-0.023305783359880615,-0.0033466225140728056,-0.008143547689542174,0.1543312758886033,0.22040829687686325,-5.738095238095237,-11.708411719184937,0.0,-110.0,-110.0,-0.0572125882782499
sample_000901,0.014476049691438675,0.02803480438888073,0.06845798391237377,0.12814352074323243,14.6075,7.421445628909056,70.0,120.0,190.0,0.20525342345428865,0.007953949272632599,0.013301439583301544,0.1554001554001554,0.26899798251513113,6.435,4.016556848318105,30.0,60.0,90.0,0.10832857869872137,0.00866993423551321,0.015323299914598465,0.1306762495916367,0.23114706732158335,7.6525,4.498682280290449,50.0,50.0,100.0,0.1364250109717068,-0.006522100418806076,-0.014733364805579185,0.08694217148778162,0.1408544617718987,-8.1725,-3.4048887805909507,-40.0,-60.0,-100.0,-0.09692484475556729,0.0007159849628806114,0.0020218603312969208,-0.024723905808518687,-0.037850915193547774,1.2175000000000002,0.48212543197234403,20.0,-10.0,10.0,0.028096432272985444,-0.005806115455925465,-0.012711504474282265,0.06221826567926293,0.10300354657835092,-6.955,-2.9227633486186066,-20.0,-70.0,-90.0,-0.06882841248258184
sample_000728,0.005800438579171896,0.015072486363351345,0.06872852233676977,0.12861736334405144,14.55,15.211282467119444,40.0,140.0,180.0,0.1260912419334045,0.003426544601097703,0.008669995702803135,0.11814345991561181,0.21132075471698114,8.464285714285714,9.17575259927933,20.0,50.0,70.0,0.08651050146173396,0.001573215238749981,0.004889864474534988,0.18087855297157623,0.3063457330415755,5.5285714285714285,5.611112579759388,30.0,60.0,90.0,0.05492717299129076,-0.002373893978074193,-0.00640249066054821,0.04941493757884205,0.0827033913729297,-6.085714285714287,-6.035529867840115,-20.0,-90.0,-110.0,-0.03958074047167055,-0.001853329362347722,-0.0037801312282681465,0.06273509305596442,0.09502497832459433,-2.935714285714285,-3.564640019519941,10.0,10.0,20.0,-0.0315833284704432,-0.004227223340421915,-0.010182621888816357,0.11215003063480647,0.17772836969752404,-9.021428571428572,-9.600169887360057,-10.0,-80.0,-90.0,-0.07116406894211375
sample_000044,0.012578415684401989,0.024853184819221497,0.12642830814596387,0.2244764397905759,7.909620991253644,4.983142449802781,60.0,80.0,140.0,0.18640539001809375,0.006583604961633682,0.011007742024958134,0.26880877742946707,0.4237183446571958,3.7201166180758016,2.868331914330882,30.0,30.0,60.0,0.09657486680373054,0.005760801490396261,0.010453703813254833,0.25965177895533686,0.41225961538461536,3.8513119533527695,2.807109927527429,40.0,20.0,60.0,0.10578493713429149,-0.005994810722768307,-0.013845442794263363,0.1423804692835032,0.1992419048666199,-4.189504373177842,-2.1148105354718987,-30.0,-50.0,-80.0,-0.08983052321436322,-0.000822803471237421,-0.0005540382117033005,-0.009156998474130207,-0.011458729272580459,0.13119533527696792,-0.06122198680345292,10.0,-10.0,0.0,0.009210070330560954,-0.006817614194005728,-0.014399481005966663,0.133223470809373,0.18778317559403945,-4.058309037900875,-2.1760325222753516,-20.0,-60.0,-80.0,-0.08062045288380226
sample_000653,0.0053749047219753265,0.012882954441010952,0.09289127837514935,0.16999180103853512,10.727564102564102,20.37542909698772,0.0,200.0,200.0,0.10701148133706692,0.0011462810216471553,0.004821004346013069,0.1518987341772152,0.26373626373626374,6.583333333333333,8.075714554038921,0.0,60.0,60.0,0.06077804935617558,0.0009675569017417729,0.0033846942242234945,0.13676588897827835,0.24062278839348902,3.5288461538461537,5.269016402794892,0.0,80.0,80.0,0.0346278735292566,-0.004228623700328171,-0.008061950094997883,0.059007455802065845,0.09374446269772863,-4.144230769230769,-12.299714542948799,0.0,-140.0,-140.0,-0.04623343198089134,-0.0001787241199053824,-0.0014363101217895746,-0.015132845198936845,-0.02311347534277472,-3.0544871794871793,-2.8066981512440288,0.0,20.0,20.0,-0.026150175826918982,-0.004407347820233554,-0.009498260216787457,0.043874610603129,0.0706309873549539,-7.198717948717949,-15.106412694192827,0.0,-120.0,-120.0,-0.07238360780781032
sample_001330,0.017313214018940926,0.030421866104006767,0.2057356608478803,0.34126163391933817,4.86060606060606,5.021599513289393,30.0,90.0,120.0,0.24495325766665976,0.005626445170491934,0.011533769778907299,0.425621168118748,0.5971027614305116,2.346969696969697,2.505673932140722,20.0,20.0,40.0,0.1127484662841773,0.005377490073442459,0.011606521904468536,0.4266321913380737,0.5980969642048029,2.3439393939393938,2.522040701189282,30.0,30.0,60.0,0.11441848677224548,-0.011686768848448992,-0.018888096325099468,0.2198855072708677,0.2558411275111734,-2.5136363636363632,-2.515925581148671,-10.0,-70.0,-80.0,-0.13220479138248248,-0.0002489550970494747,7.275212556123734e-05,0.0010110232193256685,0.0009942027742912973,-0.003030303030303383,0.016366769048559604,10.0,10.0,20.0,0.0016700204880681774,-0.011935723945498466,-0.01881534419953823,0.22089653049019337,0.2568353302854647,-2.5166666666666666,-2.4995588121001115,0.0,-60.0,-60.0,-0.1305347708944143
sample_000517,0.00650407187640667,0.015323975123465061,0.042286609240407204,0.0811419984973704,23.64814814814815,16.418855312775804,30.0,160.0,190.0,0.1251829273997309,0.0017376147443428636,0.005711015779525042,0.08320493066255778,0.15362731152204837,12.018518518518519,6.511076725233602,30.0,60.0,90.0,0.06765593307696915,0.0018862982979044318,0.00517995422706008,0.10657894736842105,0.19262782401902498,9.382716049382717,6.149812511593101,30.0,60.0,90.0,0.06281035510607559,-0.004766457132063806,-0.00961295934394002,0.04091832142215058,0.07248531302467796,-11.62962962962963,-9.907778587542202,0.0,-100.0,-100.0,-0.05752699432276173,0.00014868355356156826,-0.000531061552464962,0.023374016705863268,0.039000512496976614,-2.635802469135802,-0.3612642136405011,0.0,0.0,0.0,-0.004845577970893564,-0.004617773578502238,-0.010144020896404982,0.06429233812801385,0.11148582552165458,-14.265432098765432,-10.269042801182703,0.0,-100.0,-100.0,-0.062372572293655296
sample_001265,0.020602582022547722,0.03529326245188713,0.13941908713692946,0.24471959213401312,7.1726190476190474,6.060190735862731,50.0,100.0,150.0,0.27852801051889037,0.01012782659381628,0.017651081085205078,0.2446601941747573,0.39313572542901715,4.087301587301587,3.535329804204329,20.0,40.0,60.0,0.1560775155209439,0.011429940350353718,0.019707435742020607,0.22929936305732485,0.37305699481865284,4.361111111111111,3.8258691173816146,40.0,40.0,80.0,0.18645862249964912,-0.010474755428731441,-0.017642181366682053,0.10524110703782782,0.14841613329500403,-3.0853174603174605,-2.5248609316584023,-30.0,-60.0,-90.0,-0.12245049499794647,0.0013021137565374374,0.002056354656815529,-0.015360831117432444,-0.020078730610364304,0.2738095238095237,0.29053931317728576,20.0,0.0,20.0,0.03038110697870522,-0.009172641672194004,-0.015585826709866524,0.08988027592039538,0.12833740268463972,-2.8115079365079367,-2.2343216184811165,-10.0,-60.0,-70.0,-0.09206938801924125
sample_001292,0.008052720688283443,0.015866970643401146,0.12048192771084337,0.21505376344086022,8.3,11.572230058327834,20.0,140.0,160.0,0.13701481665306514,0.0025111299473792315,0.00644051656126976,0.21798365122615804,0.3579418344519016,4.5875,5.287519652425052,30.0,40.0,70.0,0.08672448675061324,0.001745237852446735,0.0050002457574009895,0.2530044275774826,0.4038364462392731,3.9525,4.317142685995918,10.0,50.0,60.0,0.06508358646190412,-0.005541590740904212,-0.009426454082131386,0.09750172351531466,0.14288807101104137,-3.7125000000000004,-6.284710405902782,10.0,-100.0,-90.0,-0.0502903299024519,-0.0007658920949324965,-0.0014402708038687706,0.035020776351324556,0.04589461178737153,-0.6350000000000002,-0.970376966429134,-20.0,10.0,-10.0,-0.021640900288709117,-0.0063074828358367085,-0.010866724886000156,0.13252249986663922,0.1887826827984129,-4.3475,-7.255087372331916,-10.0,-90.0,-100.0,-0.07193123019116102
sample_001298,0.007217293605208397,0.017434563487768173,0.044444444444444446,0.0851063829787234,22.5,16.402094686832076,30.0,170.0,200.0,0.1407592311883649,0.0013452867278829217,0.004980070516467094,0.10687022900763359,0.19310344827586207,9.357142857142858,4.986754579962901,30.0,60.0,90.0,0.055067251169377704,0.0016480166232213378,0.005119697656482458,0.12311557788944724,0.21923937360178972,8.122448979591837,5.247863180358264,30.0,70.0,100.0,0.0550745965977962,-0.005872006877325475,-0.012454492971301079,0.06242578456318914,0.10799706529713866,-13.142857142857142,-11.415340106869174,0.0,-110.0,-110.0,-0.08569198001898719,0.0003027298953384161,0.0001396271400153637,0.016245348881813657,0.02613592532592765,-1.2346938775510203,0.2611086003953629,0.0,10.0,10.0,7.345428418494004e-06,-0.005569276981987059,-0.012314865831285715,0.07867113344500279,0.13413299062306633,-14.377551020408163,-11.154231506473812,0.0,-100.0,-100.0,-0.08568463459056869
sample_001513,0.007771829608827829,0.01917710155248642,0.05924170616113744,0.11185682326621924,16.88,10.861896880576767,60.0,110.0,170.0,0.15437323651902307,0.004195855464786291,0.009602724574506283,0.11673151750972763,0.20905923344947736,8.566666666666666,6.012341522287437,30.0,30.0,60.0,0.0816667671599791,0.0035677694249898195,0.009262260980904102,0.1125703564727955,0.20236087689713322,8.883333333333333,5.709827327419433,40.0,30.0,70.0,0.08314411525077596,-0.0035759741440415382,-0.009574376977980137,0.057489811348590186,0.09720241018325812,-8.313333333333333,-4.84955535828933,-30.0,-80.0,-110.0,-0.07270646935904397,-0.0006280860397964716,-0.0003404635936021805,-0.0041611610369321345,-0.006698356552344131,0.31666666666666643,-0.3025141948680039,10.0,0.0,10.0,0.0014773480907968595,-0.00420406018383801,-0.009914840571582317,0.05332865031165805,0.09050405363091399,-7.996666666666666,-5.152069553157334,-20.0,-80.0,-100.0,-0.07122912126824711
sample_000392,0.008410974405705929,0.016785314306616783,0.050761421319796954,0.0966183574879227,19.7,9.505904252199274,50.0,140.0,190.0,0.1323107963602081,0.005568686872720718,0.009903154335916042,0.09193054136874361,0.16838166510757718,10.877777777777778,5.997862193442448,40.0,50.0,90.0,0.10816605168248239,0.003780332626774907,0.00790687371045351,0.10078387458006718,0.18311291963377416,9.922222222222222,4.778417902057712,30.0,50.0,80.0,0.08371320500500239,-0.0028422875329852104,-0.006882159970700741,0.041169120048946656,0.07176330761965448,-8.822222222222221,-3.5080420587568257,-10.0,-90.0,-100.0,-0.024144744677725705,-0.0017883542459458113,-0.001996280625462532,0.008853333211323575,0.014731254526196974,-0.9555555555555557,-1.219444291384736,-10.0,0.0,-10.0,-0.024452846677480003,-0.004630641778931022,-0.008878440596163273,0.05002245326027023,0.08649456214585145,-9.777777777777777,-4.727486350141562,-20.0,-90.0,-110.0,-0.04859759135520571
sample_001800,0.011846368201076984,0.02064288966357708,0.09923664122137404,0.18055555555555555,10.076923076923077,11.58878736486988,0.0,160.0,160.0,0.17615812397495564,0.0034552114084362984,0.0077031515538692474,0.19677093844601412,0.3288364249578415,5.082051282051282,4.952069894913361,20.0,30.0,50.0,0.10762925759783734,0.001937630120664835,0.005088447127491236,0.25573770491803277,0.4073107049608355,3.91025641025641,3.5994943586028816,10.0,50.0,60.0,0.07033082494004071,-0.008391156792640686,-0.012939738109707832,0.09753429722464008,0.14828086940228594,-4.994871794871795,-6.636717469956519,20.0,-130.0,-110.0,-0.0685288663771183,-0.0015175812877714634,-0.0026147044263780117,0.05896676647201865,0.078474280002994,-1.1717948717948716,-1.3525755363104794,-10.0,20.0,10.0,-0.03729843265779663,-0.00990873808041215,-0.015554442536085844,0.15650106369665873,0.22675514940527994,-6.166666666666666,-7.9892930062669985,10.0,-110.0,-100.0,-0.10582729903491493
sample_002073,0.004038022365421057,0.015030808746814728,0.07185516983949235,0.13407626675953335,13.916883116883117,16.54142719030441,60.0,110.0,170.0,0.127061663614913,0.0010919737396761775,0.004972465801984072,0.17281728172817282,0.29470452801227937,5.768831168831169,6.123109131127264,30.0,30.0,60.0,0.044924833705590146,0.0017978264950215816,0.0063852849416434765,0.17381489841986456,0.29615384615384616,5.753246753246753,7.602202592073263,40.0,30.0,70.0,0.05752344349654794,-0.0029460486257448792,-0.010058342944830656,0.10096211188868047,0.160628261252746,-8.148051948051947,-10.418318059177146,-30.0,-80.0,-110.0,-0.08213682990932286,0.0007058527553454041,0.0014128191396594048,0.0009976166916917384,0.001449318141566791,-0.015584415584416256,1.4790934609459994,10.0,0.0,10.0,0.012598609790957796,-0.002240195870399475,-0.008645523805171251,0.10195972858037221,0.1620775793943128,-8.163636363636364,-8.939224598231148,-20.0,-80.0,-100.0,-0.06953822011836505
sample_000911,0.008484303019940853,0.0173769760876894,0.1465771812080537,0.25567782720674315,6.822344322344322,11.598662600638336,30.0,140.0,170.0,0.14616332232437576,0.0014677904546260834,0.005089506506919861,0.267515923566879,0.4221105527638191,3.738095238095238,4.065227293100843,30.0,20.0,50.0,0.06910104958327581,0.0013871697010472417,0.004370296373963356,0.3606340819022457,0.5300970873786408,2.772893772893773,3.651871808616601,10.0,30.0,40.0,0.058352659293320036,-0.00701651256531477,-0.012287469580769539,0.12093874235882529,0.16643272555707594,-3.084249084249084,-7.533435307537493,0.0,-120.0,-120.0,-0.07706227274109995,-8.062075357884169e-05,-0.0007192101329565048,0.09311815833536674,0.10798653461482172,-0.9652014652014653,-0.4133554844842422,-20.0,10.0,-10.0,-0.010748390289955778,-0.007097133318893611,-0.013006679713726044,0.21405690069419203,0.27441926017189766,-4.049450549450549,-7.946790792021735,-20.0,-110.0,-130.0,-0.08781066303105572
sample_000923,0.003617138834670186,0.012451686896383762,0.04695400915001204,0.08969641214351426,21.297435897435896,16.21934450082126,60.0,130.0,190.0,0.10588680880309793,0.001923805451951921,0.00693058455362916,0.07647058823529412,0.14207650273224043,13.076923076923077,9.499361863510549,30.0,50.0,80.0,0.061010795375545546,0.0016609610756859183,0.005460895597934723,0.10998307952622674,0.19817073170731708,9.092307692307692,7.664882677078284,30.0,50.0,80.0,0.0483971190179792,-0.001693333382718265,-0.005521102342754602,0.02951657908528208,0.05238009058872617,-8.22051282051282,-6.7199826373107125,-30.0,-80.0,-110.0,-0.04487601342755239,-0.00026284437626600266,-0.001469688955694437,0.03351249129093262,0.056094228975076654,-3.9846153846153847,-1.8344791864322652,0.0,0.0,0.0,-0.012613676357566349,-0.0019561777589842677,-0.0069907912984490395,0.06302907037621469,0.10847431956380282,-12.205128205128204,-8.554461823742978,-30.0,-80.0,-110.0,-0.05748968978511874
sample_000595,0.013301972299814224,0.022800907492637634,0.14096149662823582,0.2470924690181125,7.094135802469136,6.515579894886158,40.0,120.0,160.0,0.18630220833946007,0.0038653919473290443,0.00839474331587553,0.25602528644804423,0.40767536961308587,3.9058641975308643,3.0076123517599482,30.0,30.0,60.0,0.10227557185277557,0.004995139315724373,0.009968509897589684,0.25362035225048923,0.4046206681236341,3.942901234567901,3.413700139123474,20.0,40.0,60.0,0.11445427027509257,-0.00943658035248518,-0.014406164176762104,0.11506378981980842,0.16058290059497338,-3.1882716049382718,-3.5079675431262096,-10.0,-90.0,-100.0,-0.0840266364866845,0.0011297473683953285,0.0015737665817141533,-0.0024049341975549976,-0.00305470148945175,0.03703703703703676,0.4060877873635258,-10.0,10.0,0.0,0.012178698422317003,-0.008306832984089851,-0.01283239759504795,0.11265885562225342,0.15752819910552163,-3.151234567901235,-3.101879755762684,-20.0,-80.0,-100.0,-0.0718479380643675
sample_001302,0.016432397067546844,0.0287436842918396,0.09950922321881875,0.18100661843927968,10.049319727891156,8.258892498390995,50.0,100.0,150.0,0.23508284735807056,0.006958342622965574,0.01196069736033678,0.2143638352169158,0.35304713299309515,4.664965986394558,4.006351392065993,20.0,30.0,50.0,0.11586174092121833,0.00697806291282177,0.012618438340723515,0.20516399162595952,0.3404748118123914,4.874149659863946,4.160447962347974,40.0,40.0,80.0,0.13029364150777054,-0.00947405444458127,-0.01678298693150282,0.11485461199809704,0.17204051455381547,-5.384353741496598,-4.252541106325003,-30.0,-70.0,-100.0,-0.11922110643685223,1.972028985619545e-05,0.000657740980386734,-0.00919984359095627,-0.012572321180703727,0.20918367346938815,0.15409657028198165,20.0,10.0,30.0,0.014431900586552207,-0.009454334154725075,-0.016125245951116085,0.10565476840714078,0.15946819337311174,-5.17517006802721,-4.098444536043021,-10.0,-60.0,-70.0,-0.10478920585030002
sample_001319,0.004199814051389694,0.008656180463731289,0.07903055848261328,0.146484375,12.653333333333334,11.846666006745146,0.0,190.0,190.0,0.07859653377898454,0.003171039978042245,0.006432108581066132,0.10323468685478321,0.18714909544603867,9.686666666666667,9.082269619719083,20.0,50.0,70.0,0.09719850529207409,0.0007358010043390095,0.002249151235446334,0.20134228187919462,0.33519553072625696,4.966666666666667,3.8084381709761876,0.0,50.0,50.0,0.033976506032802986,-0.0010287740733474493,-0.0022240718826651573,0.024204128372169925,0.040664720446038666,-2.966666666666667,-2.7643963870260624,20.0,-140.0,-120.0,0.018601971513089552,-0.0024352389737032354,-0.004182957345619798,0.09810759502441141,0.1480464352802183,-4.720000000000001,-5.273831448742896,-20.0,0.0,-20.0,-0.0632219992592711,-0.0034640130470506847,-0.006407029228284955,0.12231172339658133,0.18871115572625696,-7.686666666666667,-8.038227835768957,0.0,-140.0,-140.0,-0.044620027746181554
sample_002162,0.010213415138423443,0.021641740575432777,0.11340623734305387,0.2037104401600582,8.817857142857143,14.206607621538158,30.0,140.0,170.0,0.1796559349456726,0.0030769158620387316,0.007993730716407299,0.24295010845986983,0.39092495636998253,4.116071428571429,5.877807865133974,10.0,30.0,40.0,0.10042318583453999,0.0025660614483058453,0.007111576851457357,0.26653974297953353,0.4208944006012777,3.7517857142857145,5.293103999111008,10.0,40.0,50.0,0.08416585284732628,-0.007136499276384711,-0.013648009859025478,0.12954387111681598,0.18721451620992433,-4.701785714285714,-8.328799756404184,-20.0,-110.0,-130.0,-0.07923274911113262,-0.0005108544137328863,-0.0008821538649499416,0.0235896345196637,0.02996944423129516,-0.3642857142857143,-0.5847038660229664,0.0,10.0,10.0,-0.016257332987213713,-0.007647353690117598,-0.01453016372397542,0.15313350563647965,0.2171839604412195,-5.066071428571428,-8.91350362242715,-20.0,-100.0,-120.0,-0.09549008209834633
sample_001201,0.0030698103364557028,0.011113938875496387,0.0225867168593708,0.04417565080199842,44.273809523809526,23.522206535353895,50.0,150.0,200.0,0.09374675462875735,0.001130973338149488,0.004087765701115131,0.059743954480796585,0.11275167785234899,16.738095238095237,8.895599975692503,30.0,60.0,90.0,0.04098179032543768,0.0011999763082712889,0.0042839753441512585,0.056833558863328824,0.10755441741357234,17.595238095238095,9.512058160044084,30.0,60.0,90.0,0.04360191966302599,-0.0019388369983062148,-0.007026173174381256,0.03715723762142578,0.06857602705035057,-27.53571428571429,-14.626606559661392,-20.0,-90.0,-110.0,-0.05276496430331967,6.90029701218009e-05,0.0001962096430361271,-0.0029103956174677606,-0.005197260438776649,0.8571428571428577,0.6164581843515808,0.0,0.0,0.0,0.0026201293375883103,-0.001869834028184414,-0.006829963531345129,0.03424684200395803,0.06337876661157392,-26.67857142857143,-14.01014837530981,-20.0,-90.0,-110.0,-0.05014483496573136
sample_000860,0.014704215340316296,0.026312172412872314,0.13395348837209303,0.23625922887612796,7.465277777777778,9.962314719897918,10.0,180.0,190.0,0.20404739313741227,0.00287611479870975,0.008669639937579632,0.23848956608148394,0.38512971382722655,4.1930555555555555,3.8853508793131124,20.0,50.0,70.0,0.09962036310685188,0.002831009915098548,0.007626018021255732,0.28092079594225516,0.4386232104782211,3.5597222222222222,3.477905173196837,20.0,110.0,130.0,0.08362546071695078,-0.011828100541606545,-0.017642532475292683,0.10453607770939091,0.1488704849510986,-3.272222222222222,-6.076963840584806,10.0,-130.0,-120.0,-0.10442703003056039,-4.510488361120224e-05,-0.0010436219163239002,0.04243122986077122,0.053493496650994565,-0.6333333333333333,-0.4074457061162753,0.0,60.0,60.0,-0.015994902389901103,-0.011873205425217748,-0.018686154391616583,0.14696730757016213,0.20236398160209315,-3.9055555555555554,-6.484409546701081,10.0,-70.0,-60.0,-0.1204219324204615
sample_001867,0.0027968359645456076,0.009108567610383034,0.07929515418502203,0.1469387755102041,12.61111111111111,13.820766624056287,40.0,150.0,190.0,0.07848556336033387,0.0016774022951722145,0.0053621013648808,0.13028953229398663,0.23054187192118228,7.6752136752136755,8.529742976721426,20.0,70.0,90.0,0.05373593999593206,0.0006717279902659357,0.0026185663882642984,0.23470411233701102,0.380178716490658,4.260683760683761,4.69478059283191,20.0,70.0,90.0,0.028088067772684334,-0.001119433669373393,-0.0037464662455022335,0.050994378108964594,0.08360309641097818,-4.935897435897435,-5.29102364733486,-20.0,-80.0,-100.0,-0.024749623364401806,-0.0010056743049062788,-0.002743534976616502,0.1044145800430244,0.1496368445694757,-3.414529914529915,-3.8349623838895157,0.0,0.0,0.0,-0.025647872223247728,-0.002125107974279672,-0.006490001222118735,0.155408958151989,0.2332399409804539,-8.35042735042735,-9.125986031224375,-20.0,-80.0,-100.0,-0.050397495587649534
sample_000363,0.001073507941327989,0.004727203864604235,0.024360535931790498,0.04756242568370987,41.05,14.035513217774277,60.0,130.0,190.0,0.04144839509346415,0.0005185394547879696,0.002308746101334691,0.04499437570303712,0.0861141011840689,22.225,6.682097912370628,40.0,40.0,80.0,0.021685670565586786,0.0005531944334506989,0.002246117452159524,0.056022408963585436,0.10610079575596817,17.85,6.784262384692944,30.0,60.0,90.0,0.0191993815946539,-0.0005549684865400195,-0.0024184577632695436,0.02063383977124662,0.038551675500359026,-18.824999999999996,-7.353415305403649,-20.0,-90.0,-110.0,-0.019762724527877366,3.465497866272926e-05,-6.262864917516708e-05,0.011028033260548319,0.019986694571899277,-4.375,0.10216447232231651,-10.0,20.0,10.0,-0.002486288970932886,-0.0005203135078772902,-0.0024810864124447107,0.031661873031794935,0.0585383700722583,-23.199999999999996,-7.251250833081333,-30.0,-70.0,-100.0,-0.02224901349881025
sample_000263,0.005777889396995306,0.012814071029424667,0.062171052631578946,0.11706410653453081,16.084656084656086,17.331093630065507,10.0,170.0,180.0,0.11134290111921104,0.0012756919022649527,0.004313644487410784,0.12154340836012861,0.21674311926605505,8.227513227513228,6.4567648515529985,30.0,40.0,70.0,0.061269361994001646,0.0012158271856606007,0.0036880234256386757,0.15869017632241814,0.27391304347826084,6.301587301587301,5.647174837951722,10.0,50.0,60.0,0.051018869268683154,-0.004502197494730353,-0.008500426542013884,0.05937235572854967,0.09967901273152424,-7.857142857142858,-10.874328778512508,20.0,-130.0,-110.0,-0.05007353912520939,-5.9864716604352e-05,-0.0006256210617721081,0.03714676796228952,0.05716992421220579,-1.9259259259259265,-0.8095900136012766,-20.0,10.0,-10.0,-0.010250492725318493,-0.004562062211334705,-0.009126047603785992,0.09651912369083919,0.15684893694373003,-9.783068783068785,-11.683918792113785,0.0,-120.0,-120.0,-0.060324031850527884
sample_000442,0.0072205341421067715,0.014542016200721264,0.03491104397448808,0.06746675316250406,28.64423076923077,15.275079217098739,10.0,190.0,200.0,0.11831822070566024,0.002190222032368183,0.006150597240775824,0.05919180421172453,0.11176786673831274,16.89423076923077,6.43859682329635,30.0,50.0,80.0,0.07397796246632019,0.0015621082857251167,0.004218451678752899,0.09252669039145907,0.16938110749185667,10.807692307692308,4.46746931972643,10.0,60.0,70.0,0.04977168537408329,-0.005030312109738588,-0.00839141895994544,0.024280760237236444,0.04430111357580868,-11.75,-8.836482393802388,20.0,-140.0,-120.0,-0.044340258239340055,-0.0006281137466430664,-0.0019321455620229244,0.03333488617973454,0.05761324075354393,-6.086538461538462,-1.97112750356992,-20.0,10.0,-10.0,-0.024206277092236897,-0.005658425856381655,-0.010323564521968365,0.057615646416970985,0.10191435432935261,-17.83653846153846,-10.80760989737231,0.0,-130.0,-130.0,-0.06854653533157695
sample_001230,0.017696043476462364,0.030453599989414215,0.12188365650969529,0.21728395061728395,8.204545454545455,11.328310019945976,0.0,170.0,170.0,0.24193635269409489,0.004173279274255037,0.01014589425176382,0.23505843071786311,0.3806434171397675,4.254261363636363,4.425542751071761,20.0,40.0,60.0,0.12629470142072674,0.002813484286889434,0.007741854060441256,0.27672955974842767,0.43349753694581283,3.6136363636363638,3.540622602544555,0.0,60.0,60.0,0.08986563555085492,-0.013522764202207327,-0.020307705737650394,0.11317477420816782,0.16335946652248357,-3.9502840909090917,-6.902767268874214,20.0,-130.0,-110.0,-0.11564165127336815,-0.0013597949873656034,-0.002404040191322565,0.04167112903056455,0.05285411980604532,-0.6406249999999996,-0.8849201485272062,-20.0,20.0,0.0,-0.036429065869871824,-0.01488255918957293,-0.02271174592897296,0.15484590323873237,0.21621358632852888,-4.590909090909092,-7.78768741740142,0.0,-110.0,-110.0,-0.15207071714323997
sample_001272,0.012623034417629242,0.027506180107593536,0.07451102142191866,0.13868824039295002,13.420833333333333,7.074856017733315,60.0,100.0,160.0,0.198595113918265,0.0068808202631771564,0.013485291041433811,0.16134453781512606,0.2778581765557164,6.197916666666667,3.873104715675017,30.0,30.0,60.0,0.09874931264799118,0.004860954359173775,0.011236694641411304,0.17015242821694435,0.2908209633444411,5.877083333333333,3.3016445146582925,50.0,30.0,80.0,0.08878802706398521,-0.0057422141544520855,-0.014020889066159725,0.0868335163932074,0.13916993616276635,-7.2229166666666655,-3.2017513020582977,-30.0,-70.0,-100.0,-0.09984580127027383,-0.0020198659040033817,-0.0022485964000225067,0.008807890401818286,0.0129627867887247,-0.32083333333333375,-0.5714602010167247,20.0,0.0,20.0,-0.009961285584005969,-0.007762080058455467,-0.016269485466182232,0.09564140679502568,0.15213272295149105,-7.543749999999999,-3.7732115030750224,-10.0,-70.0,-80.0,-0.1098070868542798
sample_001600,0.01097416877746582,0.022484948858618736,0.13795620437956205,0.24246311738293777,7.248677248677248,5.48093716488274,60.0,80.0,140.0,0.18041696440100966,0.0051002404652535915,0.009866212494671345,0.293136874757658,0.4533733133433283,3.4113756613756614,2.998018758894252,30.0,10.0,40.0,0.08523867796183282,0.004203820135444403,0.009564537554979324,0.271356783919598,0.4268774703557312,3.685185185185185,2.929204464276705,50.0,20.0,70.0,0.09395003973828368,-0.005873928312212229,-0.012618736363947392,0.15518067037809594,0.21091019596039054,-3.837301587301587,-2.4829184059884883,-30.0,-70.0,-100.0,-0.09517828643917683,-0.0008964203298091888,-0.0003016749396920204,-0.021780090838059984,-0.026495842987597107,0.2738095238095237,-0.06881429461754696,20.0,10.0,30.0,0.008711361776450863,-0.006770348642021418,-0.012920411303639412,0.13340057954003595,0.18441435297279343,-3.5634920634920633,-2.5517327006060353,-10.0,-60.0,-70.0,-0.08646692466272597
sample_000593,0.019037386402487755,0.03364359587430954,0.15930514408833826,0.27482866767336506,6.277261200338123,4.731434403611628,60.0,80.0,140.0,0.264143264643641,0.00794760137796402,0.013637986965477467,0.3440954043048284,0.5120103873620429,2.9061707523245985,2.5499269270446625,20.0,30.0,50.0,0.11804579576820316,0.008604615926742554,0.01608714461326599,0.2931119920713578,0.4533435524046752,3.411665257819104,2.8332459195304467,50.0,20.0,70.0,0.1563045319268648,-0.011089785024523735,-0.020005608908832073,0.18479026021649012,0.2371817196886778,-3.3710904480135246,-2.1815074765669653,-40.0,-50.0,-90.0,-0.14609746887543784,0.0006570145487785339,0.0024491576477885246,-0.05098341223347058,-0.05866683495736763,0.5054945054945055,0.2833189924857842,30.0,-10.0,20.0,0.03825873615866164,-0.010432770475745201,-0.01755645126104355,0.13380684798301953,0.17851488473131016,-2.865595942519019,-1.8981884840811811,-10.0,-60.0,-70.0,-0.10783873271677621
sample_000367,0.0014954867074266076,0.0056198532693088055,0.0334553058024046,0.06474456246838645,29.890625,31.239023366936742,20.0,180.0,200.0,0.05080470537802766,0.0006563795614056289,0.0029769178945571184,0.05233033524121014,0.09945609945609946,19.109375,16.803083000922282,40.0,40.0,80.0,0.041846535603329564,0.00047572763287462294,0.0018475539982318878,0.11307420494699646,0.20317460317460317,8.84375,10.961434523074407,10.0,60.0,70.0,0.023123518166475444,-0.0008391071460209787,-0.002642935374751687,0.018875029438805542,0.03471153698771301,-10.78125,-14.43594036601446,20.0,-140.0,-120.0,-0.0089581697746981,-0.00018065192853100598,-0.0011293638963252306,0.060743869705786324,0.10371850371850372,-10.265625,-5.841648477847874,-30.0,20.0,-10.0,-0.01872301743685412,-0.0010197590745519847,-0.0037722992710769176,0.07961889914459186,0.13843004070621673,-21.046875,-20.277588843862333,-10.0,-120.0,-130.0,-0.02768118721155222
sample_000985,0.02198685146868229,0.0336926095187664,0.17032706588718596,0.2910760091805049,5.871057513914657,5.678344197477867,10.0,130.0,140.0,0.2623215915427262,0.006135012488812208,0.011218835599720478,0.3560105680317041,0.5250852411105699,2.8089053803339517,2.522008619566423,30.0,30.0,60.0,0.13425123120125937,0.005285998340696096,0.01019385177642107,0.3783783783783784,0.5490196078431373,2.642857142857143,2.385926994551113,10.0,40.0,50.0,0.1160947096598527,-0.01585183897987008,-0.022473773919045925,0.18568350214451815,0.23400923193006495,-3.0621521335807054,-3.156335577911444,20.0,-100.0,-80.0,-0.12807036034146685,-0.0008490141481161118,-0.001024983823299408,0.02236781034667429,0.023934366732567436,-0.16604823747680886,-0.13608162501531007,-20.0,10.0,-10.0,-0.018156521541406664,-0.016700853127986193,-0.023498757742345333,0.20805131249119244,0.2579435986626324,-3.2282003710575142,-3.292417202926754,0.0,-90.0,-90.0,-0.14622688188287353
sample_000252,0.003086286364123225,0.008657513186335564,0.04786597526924611,0.09135896459840122,20.891666666666666,17.88267133952994,20.0,180.0,200.0,0.07261331257588788,0.0007734974496997893,0.003435971913859248,0.08633093525179857,0.15894039735099338,11.583333333333334,7.271989580658669,20.0,50.0,70.0,0.0429208160778307,0.0007032214780338109,0.0024358013179153204,0.15286624203821655,0.26519337016574585,6.541666666666667,5.556831258368167,10.0,60.0,70.0,0.028496109087002786,-0.002312788914423436,-0.0052215412724763155,0.038464959982552456,0.06758143275259217,-9.308333333333332,-10.61068175887127,0.0,-130.0,-130.0,-0.029692496498057178,-7.027597166597843e-05,-0.0010001705959439278,0.06653530678641799,0.10625297281475246,-5.041666666666667,-1.7151583222905025,-10.0,10.0,0.0,-0.014424706990827915,-0.0023830648860894144,-0.006221711868420243,0.10500026676897045,0.17383440556734464,-14.349999999999998,-12.325840081161772,-10.0,-120.0,-130.0,-0.04411720348888509
sample_000452,0.012633218429982662,0.023824436590075493,0.1014832162373146,0.18426647767540752,9.853846153846154,8.755236003856847,40.0,140.0,180.0,0.19232872094329567,0.003087145509198308,0.007882903330028057,0.20733652312599682,0.34346103038309117,4.823076923076923,3.4800511038228596,30.0,40.0,70.0,0.08875211736045925,0.0035820703487843275,0.008373442105948925,0.21337710299548626,0.35170781197159284,4.686538461538461,3.7081697955696544,30.0,70.0,100.0,0.09357634341203666,-0.009546072920784354,-0.015941533260047436,0.10585330688868222,0.15919455270768365,-5.0307692307692315,-5.275184900033988,-10.0,-100.0,-110.0,-0.10357660358283642,0.0004949248395860195,0.0004905387759208679,0.006040579869489443,0.008246781588501673,-0.1365384615384615,0.22811869174679478,0.0,30.0,30.0,0.00482422605157741,-0.009051148081198335,-0.015450994484126568,0.11189388675817166,0.16744133429618532,-5.167307692307693,-5.047066208287193,-10.0,-70.0,-80.0,-0.09875237753125901
sample_001622,0.01100621372461319,0.0214750524610281,0.2118270079435128,0.34959941733430444,4.720833333333333,7.566310320432181,20.0,110.0,130.0,0.17640556691041187,0.0022768217604607344,0.006667628418654203,0.41585903083700443,0.5874299937772246,2.347916666666667,2.961592479576609,10.0,20.0,30.0,0.08543622262686129,0.0020310485269874334,0.005938162561506033,0.47880299251870323,0.6475548060708263,2.0885416666666665,2.7869529230187426,10.0,20.0,30.0,0.07391624951814962,-0.008729391964152455,-0.014807424042373896,0.20403202289349162,0.23783057644292016,-2.3729166666666663,-4.604717840855572,-10.0,-90.0,-100.0,-0.09096934428355058,-0.00024577323347330093,-0.0007294658571481705,0.0629439616816988,0.06012481229360167,-0.25937500000000036,-0.17463955655786645,0.0,0.0,0.0,-0.011519973108711667,-0.008975165197625756,-0.015536889899522066,0.26697598457519045,0.29795538873652183,-2.6322916666666667,-4.779357397413438,-10.0,-90.0,-100.0,-0.10248931739226225
sample_001585,0.007578887045383453,0.014737763442099094,0.03638814016172507,0.07022106631989597,27.48148148148148,16.94681375802291,10.0,170.0,180.0,0.12713548723322177,0.0029634127859026194,0.006665844935923815,0.06775407779171895,0.12690951821386603,14.75925925925926,7.935645879115996,30.0,40.0,70.0,0.09284975296145652,0.001810478512197733,0.004381275735795498,0.09773755656108597,0.17807089859851608,10.231481481481481,5.441482707925513,20.0,60.0,80.0,0.060242485115935274,-0.004615474259480834,-0.00807191850617528,0.03136593762999388,0.056688451893970065,-12.722222222222221,-9.011167878906914,20.0,-130.0,-110.0,-0.03428573427176525,-0.0011529342737048864,-0.002284569200128317,0.029983478769367022,0.05116138038465004,-4.527777777777779,-2.4941631711904835,-10.0,20.0,10.0,-0.032607267845521246,-0.0057684085331857204,-0.010356487706303596,0.0613494163993609,0.1078498322786201,-17.25,-11.505331050097396,10.0,-110.0,-100.0,-0.06689300211728649
sample_000222,0.024637022987008095,0.039537280797958374,0.1222052492709346,0.2177948273728499,8.182954545454546,5.9655636751410706,50.0,110.0,160.0,0.29435561915513314,0.008393430151045322,0.015080916695296764,0.2549246813441483,0.40627885503231764,3.922727272727273,2.7475086452483497,30.0,40.0,70.0,0.12646072182504595,0.009632659144699574,0.016732556745409966,0.22546758903407635,0.36796989337236047,4.435227272727273,3.052765556006062,40.0,50.0,90.0,0.15047340373036944,-0.016243592835962772,-0.02445636410266161,0.1327194320732137,0.18848402765946776,-4.260227272727273,-3.218055029892721,-20.0,-70.0,-90.0,-0.1678948973300872,0.001239228993654251,0.0016516400501132011,-0.02945709231007196,-0.038308961659957175,0.5125000000000002,0.30525691075771233,10.0,10.0,20.0,0.02401268190532349,-0.015004363842308521,-0.02280472405254841,0.10326233976314175,0.15017506599951058,-3.747727272727273,-2.9127981191350085,-10.0,-60.0,-70.0,-0.1438822154247637
sample_001459,0.005064125172793865,0.012573386542499065,0.028284098051539912,0.0550122249388753,35.355555555555554,18.49996708541429,30.0,160.0,190.0,0.10353408463199835,0.0018334680935367942,0.006041861604899168,0.045754956786985254,0.08750607681088965,21.855555555555554,9.059205573251878,30.0,40.0,70.0,0.07304059904427249,0.001619204063899815,0.004612014163285494,0.0701480904130943,0.13109978150036417,14.255555555555556,7.047388490080568,30.0,60.0,90.0,0.052669620424353455,-0.003230657079257071,-0.006531524937599897,0.017470858735445342,0.03249385187201435,-13.5,-9.440761512162412,0.0,-120.0,-120.0,-0.03049348558772587,-0.0002142640296369791,-0.0014298474416136742,0.02439313362610905,0.043593704689474516,-7.599999999999998,-2.0118170831713105,0.0,20.0,20.0,-0.02037097861991903,-0.00344492110889405,-0.007961372379213572,0.04186399236155439,0.07608755656148886,-21.099999999999998,-11.452578595333723,0.0,-100.0,-100.0,-0.0508644642076449
sample_001967,0.004275105427950621,0.011542200110852718,0.023106546854942234,0.0451693851944793,43.27777777777778,33.60770100607913,0.0,200.0,200.0,0.10253530025912878,0.0015535579295828938,0.004570858087390661,0.05183585313174946,0.09856262833675565,19.291666666666668,13.82090253346055,20.0,70.0,90.0,0.06849893766236329,0.0014104107394814491,0.003946469631046057,0.06293706293706294,0.11842105263157894,15.88888888888889,12.076187224962032,0.0,70.0,70.0,0.060303863064650645,-0.002721547498367727,-0.006971342023462057,0.028729306276807226,0.05339324314227635,-23.98611111111111,-19.78679847261858,20.0,-130.0,-110.0,-0.0340363625967655,-0.00014314719010144472,-0.0006243884563446045,0.011101209805313483,0.01985842429482329,-3.4027777777777786,-1.7447153084985185,-20.0,0.0,-20.0,-0.00819507459771264,-0.0028646946884691715,-0.007595730479806662,0.03983051608212071,0.07325166743709964,-27.38888888888889,-21.5315137811171,0.0,-130.0,-130.0,-0.04223143719447814
sample_001694,0.007600553799420595,0.015265294350683689,0.09122502172024327,0.16719745222929935,10.961904761904762,8.432360431357248,40.0,120.0,160.0,0.12956669554545125,0.004597750026732683,0.008201878517866135,0.1763717805151176,0.29985721085197525,5.66984126984127,5.022727890816474,50.0,50.0,100.0,0.09089399293924295,0.002552393591031432,0.0057778009213507175,0.19160583941605838,0.3215926493108729,5.219047619047619,3.8101555260446665,30.0,40.0,70.0,0.07112221482202366,-0.003002803772687912,-0.0070634158328175545,0.08514675879487432,0.1326597586226759,-5.292063492063492,-3.409632540540774,10.0,-70.0,-60.0,-0.038672702606208295,-0.002045356435701251,-0.002424077596515417,0.015234058900940789,0.021735438458897638,-0.45079365079365097,-1.2125723647718072,-20.0,-10.0,-30.0,-0.019771778117219294,-0.005048160208389163,-0.009487493429332972,0.10038081769581511,0.15439519708157354,-5.742857142857143,-4.622204905312581,-10.0,-80.0,-90.0,-0.05844448072342759
sample_001125,0.006441119592636824,0.016389617696404457,0.022878932316491896,0.04473438956197577,43.708333333333336,19.95944598663577,40.0,160.0,200.0,0.1308706797232777,0.0030475184321403503,0.007689743768423796,0.048,0.0916030534351145,20.833333333333332,9.621729022752683,30.0,60.0,90.0,0.07862604112168091,0.0022575859911739826,0.006215101107954979,0.057210965435041714,0.10822998872604284,17.479166666666668,7.836403931711343,30.0,60.0,90.0,0.06773244293331196,-0.0033936011604964733,-0.008699873927980661,0.025121067683508105,0.04686866387313873,-22.875000000000004,-10.337716963883087,-10.0,-100.0,-110.0,-0.052244638601596796,-0.0007899324409663677,-0.0014746426604688168,0.009210965435041713,0.016626935290928332,-3.3541666666666643,-1.78532509104134,0.0,0.0,0.0,-0.01089359818836895,-0.004183533601462841,-0.010174516588449478,0.03433203311854982,0.06349559916406707,-26.229166666666668,-12.123042054924428,-10.0,-100.0,-110.0,-0.06313823678996575
sample_001461,0.005950306076556444,0.012953565455973148,0.10246557796990073,0.1858844031367993,9.759375,9.223333474790094,30.0,110.0,140.0,0.11315339835946657,0.003209843533113599,0.006561619695276022,0.20552344251766216,0.3409696323921151,4.865625,5.164834834903003,20.0,20.0,40.0,0.07854020221882618,0.0013892370043322444,0.0037716177757829428,0.2629416598192276,0.41639557579700714,3.803125,3.365346114282901,20.0,20.0,40.0,0.04984176338855784,-0.0027404625434428453,-0.006391945760697126,0.10305786454776143,0.1550852292553158,-4.893750000000001,-4.058498639887091,-10.0,-90.0,-100.0,-0.03461319614064039,-0.0018206065287813544,-0.002790001919493079,0.05741821730156546,0.07542594340489206,-1.0624999999999996,-1.7994887206201016,0.0,0.0,0.0,-0.02869843883026834,-0.0045610690722242,-0.009181947680190206,0.16047608184932688,0.23051117266020785,-5.956250000000001,-5.857987360507193,-10.0,-90.0,-100.0,-0.06331163497090872
